Virus name	Accession ID	Collection date	Location	Host	Additional location information	Sampling strategy	Gender	Patient age	Patient status	Last vaccinated	Passage	Specimen	Additional host information	Lineage	Clade	AA Substitutions
hCoV-19/India/GJ-ICMR-NIV-INSACOG-GSEQ-1359/2021	EPI_ISL_1704234	2021-03-08	Asia / India / Gujarat	Human			Female	32	unknown		Original			B.1.617.2	GV	(N_D377Y,M_I82T,NSP6_V149A,N_D63G,Spike_D950N,N_R203M,NSP3_P822L,NSP12_G671S,NSP13_P77L,Spike_G142D,NSP6_T181I,NS3_S26L,NSP4_A446V,Spike_T478K,Spike_P681R,NSP12_P323L,Spike_D614G,Spike_L452R,NS7a_V82A,Spike_T19R,NS7a_T120I,Spike_A222V)
hCoV-19/India/GJ-ICMR-NIV-INSACOG-GSEQ-3031/2021	EPI_ISL_1841240	2021-04-18	Asia / India / Gujarat / Ahmedabad	Human			Female	94	unknown		Original			B.1.617.2	GV	(N_D63G,N_R203M,NSP12_G671S,Spike_G142D,NSP6_T181I,NS3_S26L,Spike_P681R,Spike_R158del,NS7a_V82A,Spike_F157del,Spike_T19R,NS7a_T120I,Spike_A222V,N_D377Y,M_I82T,NSP6_V149A,Spike_D950N,NSP3_P822L,NSP13_P77L,Spike_E156G,NSP4_A446V,Spike_T478K,NSP12_P323L,Spike_D614G,Spike_L452R)
hCoV-19/India/GJ-ICMR-NIV-INSACOG-GSEQ-2997/2021	EPI_ISL_1841241	2021-04-18	Asia / India / Gujarat / Ahmedabad	Human			Male	75	unknown		Original			B.1.617.2	GV	(NSP3_E1231D,N_D63G,N_R203M,NSP12_G671S,Spike_G142D,NSP6_T181I,NS3_S26L,Spike_P681R,Spike_R158del,NS7a_V82A,Spike_F157del,Spike_T19R,NS7a_T120I,Spike_A222V,N_D377Y,M_I82T,NSP6_V149A,Spike_D950N,NSP3_P822L,NSP13_P77L,Spike_E156G,NSP3_G175C,NSP4_A446V,Spike_T478K,NSP12_P323L,Spike_D614G,Spike_L452R,NS7a_R89I)
hCoV-19/India/GJ-ICMR-NIV-INSACOG-GSEQ-3051/2021	EPI_ISL_1841242	2021-04-17	Asia / India / Gujarat / Ahmedabad	Human			Female	28	unknown		Original			B.1.617.2	GV	(N_D63G,N_R203M,NSP12_G671S,Spike_G142D,NSP6_T181I,NS3_S26L,Spike_P681R,Spike_R158del,NS7a_V82A,Spike_F157del,NSP13_T127I,Spike_T19R,NS7a_T120I,Spike_A222V,N_D377Y,M_I82T,NSP6_V149A,Spike_D950N,NSP3_P822L,NSP13_P77L,Spike_E156G,NSP4_A446V,Spike_T478K,NSP12_P323L,Spike_D614G,Spike_L452R,NSP14_Q354H)
hCoV-19/India/GJ-ICMR-NIV-INSACOG-GSEQ-3012/2021	EPI_ISL_1841243	2021-04-18	Asia / India / Gujarat / Ahmedabad	Human			Male	29	unknown		Original			B.1.617.2	GV	(N_D63G,N_R203M,NSP12_G671S,Spike_G142D,NSP6_T181I,NS3_S26L,Spike_P681R,Spike_R158del,NSP12_D153Y,NS7a_V82A,Spike_F157del,Spike_T19R,NS7a_T120I,Spike_A222V,N_D377Y,M_I82T,NSP6_V149A,Spike_D950N,NSP16_Q28K,NSP3_P822L,NSP13_P77L,Spike_E156G,NSP4_A446V,Spike_T478K,NSP12_P323L,Spike_D614G,Spike_L452R)
hCoV-19/India/GJ-ICMR-NIV-INSACOG-GSEQ-3107/2021	EPI_ISL_1841244	2021-04-17	Asia / India / Gujarat / Ahmedabad	Human			Female	21	unknown		Original			B.1.617.2	GV	(N_D63G,N_R203M,NSP12_G671S,NSP3_E391D,Spike_G142D,NSP6_T181I,NS3_S26L,Spike_P681R,Spike_R158del,NS7a_V82A,Spike_F157del,Spike_T19R,NS7a_T120I,Spike_A222V,N_D377Y,M_I82T,NSP6_V149A,Spike_D950N,NSP3_P822L,NSP13_P77L,Spike_E156G,NSP4_A446V,Spike_T478K,NSP12_P323L,Spike_D614G,Spike_L452R)
hCoV-19/India/GJ-ICMR-NIV-INSACOG-GSEQ-3006/2021	EPI_ISL_1841245	2021-04-18	Asia / India / Gujarat / Ahmedabad	Human			Male	47	unknown		Original			B.1.617.2	GV	(N_D63G,N_R203M,NSP12_G671S,Spike_G142D,NSP6_T181I,NS3_S26L,Spike_P681R,Spike_R158del,NS7a_V82A,Spike_F157del,Spike_T19R,NS7a_T120I,Spike_A222V,N_D377Y,M_I82T,Spike_D950N,Spike_G1219V,NSP3_P822L,NSP13_P77L,Spike_E156G,NSP2_T256I,NSP4_A446V,Spike_T478K,NSP12_A449S,NSP12_P323L,Spike_D614G,Spike_L452R)
hCoV-19/India/GJ-ICMR-NIV-INSACOG-GSEQ-3002/2021	EPI_ISL_1841246	2021-04-17	Asia / India / Gujarat / Ahmedabad	Human			Female	38	unknown		Original			B.1.617.2	GV	(N_D63G,N_R203M,NSP12_G671S,Spike_G142D,NSP6_T181I,NS3_S26L,Spike_P681R,Spike_R158del,NS7a_V82A,Spike_F157del,Spike_T19R,NS7a_T120I,Spike_A222V,N_D377Y,M_I82T,NSP6_V149A,NSP3_P822L,NSP13_P77L,Spike_E156G,NSP4_A446V,Spike_T478K,NSP12_A449S,NSP12_P323L,Spike_D614G,Spike_L452R)
hCoV-19/India/GJ-ICMR-NIV-INSACOG-GSEQ-3024/2021	EPI_ISL_1841247	2021-04-18	Asia / India / Gujarat / Ahmedabad	Human			Female	39	unknown		Original			B.1.617.2	G	(NS7a_L116F,N_D63G,NSP3_S1534del,N_R203M,NSP3_L1523del,NSP3_F1533del,NSP12_G671S,NSP3_V1522del,Spike_G142D,NSP2_P129L,NS3_S26L,NSP14_P46L,NSP3_M1529del,Spike_P681R,NSP3_A1527del,Spike_R158del,NSP3_F1536del,NSP3_L1525del,NSP3_Q1530del,NS7a_V82A,Spike_F157del,Spike_T19R,NS7a_T120I,N_D377Y,M_I82T,NSP6_V149A,Spike_D950N,NSP3_F1532del,NSP3_P822L,NSP3_G1524del,NSP13_P77L,Spike_E156G,NSP4_A446V,NSP3_L1531del,Spike_T478K,NSP3_A1526del,NSP3_Y1535del,NSP12_P323L,NSP3_I1528del,Spike_D614G,Spike_L452R,NSP3_Q1555K,NSP3_S1843F)
hCoV-19/India/GJ-ICMR-NIV-INSACOG-GSEQ-3030/2021	EPI_ISL_1841248	2021-04-18	Asia / India / Gujarat / Ahmedabad	Human			Female	68	unknown		Original			B.1.617.2	G	(NS7a_L116F,N_D63G,N_R203M,Spike_V83del,NSP12_G671S,Spike_G142D,NSP2_P129L,Spike_P85del,NS3_S26L,NSP14_P46L,Spike_P681R,Spike_N81K,Spike_R158del,NS7a_V82A,Spike_F157del,Spike_T19R,NS7a_T120I,N_D377Y,M_I82T,NSP6_V149A,Spike_D950N,NSP3_P822L,NSP13_P77L,Spike_E156G,NSP4_A446V,Spike_T478K,NSP12_P323L,Spike_D614G,Spike_L84del,Spike_L452R)
hCoV-19/India/GJ-ICMR-NIV-INSACOG-GSEQ-3015/2021	EPI_ISL_1841249	2021-04-18	Asia / India / Gujarat / Ahmedabad	Human			Male	46	unknown		Original			B.1.617.2	G	(NS7a_L116F,N_D63G,N_R203M,NSP12_G671S,NSP13_R392C,Spike_G142D,NSP2_P129L,NS3_S26L,NSP14_P46L,Spike_P681R,Spike_R158del,NS7a_V82A,Spike_F157del,Spike_T19R,NS7a_T120I,N_D377Y,M_I82T,NSP6_V149A,Spike_D950N,NSP3_P822L,NSP13_P77L,Spike_E156G,NSP4_A446V,Spike_T478K,NSP12_P323L,Spike_D614G,Spike_L452R)
hCoV-19/India/GJ-ICMR-NIV-INSACOG-GSEQ-3005/2021	EPI_ISL_1841250	2021-04-18	Asia / India / Gujarat / Ahmedabad	Human			Female	40	unknown		Original			B.1.617.2	G	(NS7a_L116F,N_D63G,N_R203M,NSP12_G671S,Spike_G142D,NSP2_P129L,NS3_S26L,NSP14_P46L,Spike_P681R,Spike_R158del,NS7a_V82A,Spike_F157del,Spike_T19R,NS7a_T120I,N_D377Y,M_I82T,NSP6_V149A,Spike_D950N,NSP3_P822L,NSP13_P77L,Spike_E156G,NSP4_A446V,Spike_T478K,NSP12_P323L,Spike_D614G,Spike_L452R)
hCoV-19/India/GJ-ICMR-NIV-INSACOG-GSEQ-2998/2021	EPI_ISL_1841251	2021-04-17	Asia / India / Gujarat / Ahmedabad	Human			Male	29	unknown		Original			B.1.617.2	G	(NS7a_L116F,N_D63G,N_R203M,NSP12_G671S,Spike_G142D,NSP2_P129L,NS3_S26L,NSP14_P46L,Spike_P681R,Spike_R158del,NS7a_V82A,Spike_F157del,Spike_T19R,NS7a_T120I,N_D377Y,M_I82T,NSP6_V149A,Spike_D950N,NSP3_P822L,NSP13_P77L,Spike_E156G,NSP4_A446V,Spike_T478K,NSP12_P323L,Spike_D614G,Spike_L452R)
hCoV-19/India/GJ-ICMR-NIV-INSACOG-GSEQ-3029/2021	EPI_ISL_1841252	2021-04-18	Asia / India / Gujarat / Ahmedabad	Human			Male	25	unknown		Original			B.1.617.2	G	(NS7a_L116F,N_D63G,N_R203M,NSP12_G671S,Spike_G142D,NSP2_P129L,NS3_S26L,NSP14_P46L,Spike_P681R,Spike_R158del,NS7a_V82A,Spike_F157del,Spike_T19R,NS7a_T120I,N_D377Y,M_I82T,NSP6_V149A,Spike_D950N,NSP3_P822L,NSP13_P77L,Spike_E156G,NSP4_A446V,Spike_T478K,NSP12_P323L,Spike_D614G,Spike_L452R)
hCoV-19/India/GJ-ICMR-NIV-INSACOG-GSEQ-2991/2021	EPI_ISL_1841253	2021-04-18	Asia / India / Gujarat / Ahmedabad	Human			Female	22	unknown		Original			B.1.617.2	G	(NS7a_L116F,N_D63G,NSP2_A510V,N_R203M,NSP12_G671S,Spike_G142D,NSP2_P129L,NS3_S26L,NSP14_P46L,Spike_P681R,Spike_R158del,NS7a_V82A,Spike_F157del,Spike_T19R,NS7a_T120I,N_D377Y,M_I82T,NSP6_V149A,Spike_D950N,NSP3_P822L,NSP13_P77L,Spike_E156G,NSP4_A446V,Spike_T478K,NSP12_P323L,Spike_D614G,Spike_L452R)
hCoV-19/India/GJ-ICMR-NIV-INSACOG-GSEQ-3050/2021	EPI_ISL_1841254	2021-04-18	Asia / India / Gujarat / Ahmedabad	Human			Male	29	unknown		Original			B.1.617.2	G	(NS7a_L116F,N_D63G,N_R203M,NSP12_G671S,Spike_G142D,NSP2_P129L,NS3_S26L,NSP14_P46L,Spike_P681R,Spike_R158del,NS7a_V82A,Spike_F157del,Spike_T19R,NS7a_T120I,N_D377Y,NSP6_Y196C,M_I82T,NSP6_V149A,Spike_D950N,NSP3_P822L,NSP13_P77L,Spike_E156G,NSP4_A446V,Spike_T478K,NSP12_P323L,Spike_D614G,Spike_L452R)
hCoV-19/India/GJ-ICMR-NIV-INSACOG-GSEQ-3022/2021	EPI_ISL_1841255	2021-04-18	Asia / India / Gujarat / Ahmedabad	Human			Male	23	unknown		Original			B.1.617.2	G	(NSP13_A18T,NS7a_L116F,N_D63G,N_R203M,NSP12_G671S,Spike_G142D,NSP2_P129L,NS3_S26L,NSP14_P46L,Spike_P681R,Spike_R158del,NS7a_V82A,Spike_F157del,Spike_T19R,NS7a_T120I,N_D377Y,NSP3_S794L,M_I82T,NSP6_V149A,Spike_D950N,NSP3_P822L,NSP13_P77L,Spike_E156G,NSP4_A446V,Spike_T478K,NSP12_P323L,Spike_D614G,Spike_L452R)
hCoV-19/India/GJ-ICMR-NIV-INSACOG-GSEQ-3026/2021	EPI_ISL_1841256	2021-04-18	Asia / India / Gujarat / Ahmedabad	Human			Male	44	unknown		Original			B.1.617.2	G	(NS7a_L116F,N_D63G,N_R203M,NSP12_G671S,Spike_G142D,NSP2_P129L,NS3_S26L,NSP14_P46L,Spike_P681R,Spike_R158del,NS7a_V82A,Spike_F157del,Spike_T19R,NS7a_T120I,N_D377Y,M_I82T,NSP6_V149A,Spike_D950N,NSP3_P822L,NSP13_P77L,Spike_E156G,NSP4_A446V,Spike_T478K,NSP12_P323L,Spike_D614G,Spike_L452R,N_S235F)
hCoV-19/India/GJ-ICMR-NIV-INSACOG-GSEQ-3056/2021	EPI_ISL_1841258	2021-04-18	Asia / India / Gujarat / Ahmedabad	Human			Female	64	unknown		Original			B.1.617.2	G	(NS7a_L116F,N_D63G,N_R203M,NSP12_G671S,Spike_G142D,NSP2_P129L,NS3_S26L,NSP14_P46L,Spike_P681R,Spike_R158del,NS7a_V82A,Spike_F157del,Spike_T19R,NS7a_T120I,N_D377Y,M_I82T,NSP6_V149A,Spike_D950N,NSP3_P822L,NSP13_P77L,NSP14_A119V,Spike_E156G,NSP3_T428I,NSP4_A446V,Spike_T478K,NSP12_P323L,Spike_D614G,Spike_L452R,NSP13_E365D)
hCoV-19/India/GJ-ICMR-NIV-INSACOG-GSEQ-3040/2021	EPI_ISL_1841259	2021-04-18	Asia / India / Gujarat / Ahmedabad	Human			Male	62	unknown		Original			B.1.617.2	G	(NS7a_L116F,N_D63G,N_R203M,NSP12_G671S,Spike_G142D,NSP2_P129L,NS3_S26L,NSP14_P46L,Spike_P681R,Spike_R158del,NS7a_V82A,Spike_F157del,NSP10_S129N,Spike_T19R,NS7a_T120I,NSP12_P227L,N_D377Y,M_I82T,NSP6_V149A,Spike_D950N,NSP3_P822L,NSP13_P77L,Spike_E156G,NSP4_A446V,Spike_T478K,NSP12_P323L,Spike_D614G,Spike_L452R)
hCoV-19/India/GJ-ICMR-NIV-INSACOG-GSEQ-3011/2021	EPI_ISL_1841260	2021-04-18	Asia / India / Gujarat / Ahmedabad	Human			Male	57	unknown		Original			B.1.617.2	G	(NS7a_L116F,N_D63G,N_R203M,NSP12_G671S,Spike_G142D,NSP2_P129L,NS3_S26L,NSP14_P46L,Spike_P681R,NSP3_I896V,Spike_R158del,NS7a_V82A,Spike_F157del,Spike_T19R,NS7a_T120I,N_D377Y,M_I82T,NSP6_V149A,Spike_D950N,NS3_T64N,NSP3_P822L,NSP13_P77L,Spike_E156G,NSP4_A446V,Spike_T478K,NSP12_P323L,Spike_D614G,Spike_L452R)
hCoV-19/India/GJ-ICMR-NIV-INSACOG-GSEQ-3059/2021	EPI_ISL_1841261	2021-04-18	Asia / India / Gujarat / Ahmedabad	Human			Male	42	unknown		Original			B.1.617.2	G	(Spike_T95I,NS7a_L116F,N_D63G,N_R203M,NSP12_G671S,Spike_G142D,NSP2_P129L,NS3_S26L,NSP14_P46L,Spike_P681R,Spike_R158del,NSP4_R186C,NSP10_Q53K,NS7a_V82A,Spike_F157del,Spike_T19R,NS7a_T120I,N_D377Y,M_I82T,NSP6_V149A,Spike_D950N,NSP3_P822L,NSP13_P77L,Spike_E156G,NS3_T24I,NSP4_A446V,Spike_T478K,NSP12_R249S,NSP12_P323L,Spike_D614G,Spike_L452R)
hCoV-19/India/GJ-ICMR-NIV-INSACOG-GSEQ-3105/2021	EPI_ISL_1841262	2021-04-19	Asia / India / Gujarat / Ahmedabad	Human			Female	19	unknown		Original			B.1.617.2	G	(NS7a_L116F,N_D63G,N_R203M,NSP12_G671S,Spike_G142D,NSP2_P129L,NS3_S26L,NSP14_P46L,Spike_P681R,Spike_R158del,NSP3_P1159L,NSP4_L264F,NS7a_V82A,Spike_F157del,Spike_T19R,NS7a_T120I,N_D377Y,M_I82T,NSP6_V149A,Spike_D950N,NSP3_P822L,NSP13_P77L,Spike_E156G,NSP4_A446V,Spike_T478K,NSP12_P323L,Spike_D614G,Spike_L452R)
hCoV-19/India/GJ-ICMR-NIV-INSACOG-GSEQ-3004/2021	EPI_ISL_1841263	2021-04-18	Asia / India / Gujarat / Ahmedabad	Human			Male	40	unknown		Original			B.1.617.2	G	(NSP4_D72N,NS7a_L116F,N_D63G,N_R203M,NSP12_G671S,Spike_G142D,NSP2_P129L,NS3_S26L,NSP14_P46L,Spike_P681R,Spike_R158del,NS7a_V82A,Spike_F157del,Spike_T19R,NS7a_T120I,N_D377Y,M_I82T,NSP6_V149A,Spike_D950N,NSP3_P822L,NSP13_P77L,Spike_E156G,NSP4_A446V,Spike_T478K,NSP12_P323L,Spike_D614G,Spike_L452R)
hCoV-19/India/GJ-ICMR-NIV-INSACOG-GSEQ-3035/2021	EPI_ISL_1841264	2021-04-18	Asia / India / Gujarat / Ahmedabad	Human			Female	28	unknown		Original			B.1.617.2	GV	(N_R203M,NSP6_R233del,NSP12_G671S,NSP6_C229del,Spike_G142D,NSP6_F216del,NSP6_C221del,NSP4_M267I,NSP6_C209del,NSP6_L227del,NSP6_V213del,NSP6_L217del,NS7a_V82A,NS7a_T120I,Spike_T19R,NSP6_Y234del,M_I82T,Spike_D950N,NSP6_M211del,NSP4_A446V,Spike_T478K,NSP6_F225del,NSP6_Y224del,NSP6_I210del,NSP6_T222del,NSP6_L231del,NSP6_Y214del,NSP6_C215del,NSP6_C223del,N_D63G,NSP6_G226del,NS3_K66I,NSP6_N232del,NSP6_T181I,NS3_S26L,Spike_P681R,Spike_R158del,NSP6_Y219del,NS3_M5T,NSP6_F220del,Spike_F157del,NSP6_L230del,Spike_Q613H,Spike_A222V,NSP6_F228del,N_D377Y,NSP6_V149A,NSP3_P822L,NSP13_P77L,Spike_E156G,NSP6_G218del,NSP12_P323L,Spike_D614G,NSP6_Q208N,Spike_L452R,NSP6_L212del)
hCoV-19/India/GJ-ICMR-NIV-INSACOG-GSEQ-3055/2021	EPI_ISL_1841265	2021-04-18	Asia / India / Gujarat / Ahmedabad	Human			Female	57	unknown		Original			B.1.617.2	G	(N_G215C,N_D63G,N_R203M,E_V58F,NSP12_G671S,Spike_G142D,NS3_S26L,Spike_P681R,Spike_R158del,NSP3_P1228L,NS7a_V82A,NSP3_A488S,Spike_F157del,NSP4_T492I,NSP14_A394V,Spike_T19R,NS7a_T120I,NSP2_K81N,N_D377Y,M_I82T,Spike_D950N,NS7b_T40I,NSP13_P77L,Spike_E156G,NSP3_P1469S,Spike_T478K,NSP6_T77A,NSP12_P323L,Spike_D614G,NSP4_V167L,Spike_L452R)
hCoV-19/India/GJ-ICMR-NIV-INSACOG-GSEQ-3013/2021	EPI_ISL_1841266	2021-04-18	Asia / India / Gujarat / Ahmedabad	Human			Female	32	unknown		Original			B.1.617.2	G	(N_G215C,N_D63G,N_R203M,E_V58F,NSP12_G671S,Spike_G142D,NS3_S26L,Spike_P681R,Spike_R158del,NSP3_P1228L,NS7a_V82A,NSP3_A488S,Spike_F157del,NSP4_T492I,NSP14_A394V,Spike_T19R,NS7a_T120I,NSP2_K81N,N_D377Y,M_I82T,Spike_D950N,NS7b_T40I,NSP13_P77L,Spike_E156G,NSP3_P1469S,Spike_T478K,NSP6_T77A,NSP12_P323L,Spike_D614G,NSP4_V167L,Spike_L452R)
hCoV-19/India/GJ-ICMR-NIV-INSACOG-GSEQ-3054/2021	EPI_ISL_1841267	2021-04-18	Asia / India / Gujarat / Ahmedabad	Human			Male	84	unknown		Original			B.1.617.2	G	(N_G215C,N_D63G,N_R203M,E_V58F,NSP12_G671S,Spike_G142D,NS3_S26L,Spike_P681R,Spike_R158del,NSP3_P1228L,NS7a_V82A,NSP3_A488S,Spike_F157del,NSP4_T492I,NSP14_A394V,Spike_T19R,NS7a_T120I,NSP2_K81N,N_D377Y,M_I82T,Spike_D950N,NS7b_T40I,NSP13_P77L,Spike_E156G,NSP3_P1469S,Spike_T478K,NSP6_T77A,NSP12_P323L,Spike_D614G,NSP4_V167L,Spike_L452R)
hCoV-19/India/GJ-ICMR-NIV-INSACOG-GSEQ-2993/2021	EPI_ISL_1841268	2021-04-18	Asia / India / Gujarat / Ahmedabad	Human			Male	43	unknown		Original			B.1.617.2	G	(N_G215C,N_D63G,N_R203M,NSP12_G671S,NS8_E19stop,Spike_G142D,NS3_S26L,Spike_P681R,NSP5_M276V,Spike_R158del,NSP3_P1228L,NS7a_V82A,NSP3_A488S,Spike_F157del,NSP4_T492I,NSP14_A394V,Spike_T19R,NS7a_T120I,NSP2_K81N,N_D377Y,M_I82T,Spike_D950N,NSP3_T1036I,NS7b_T40I,NSP13_P77L,Spike_E156G,NSP3_P1469S,Spike_T478K,NSP6_T77A,NSP12_P323L,Spike_D614G,NSP4_V167L,Spike_L452R,NSP14_A371V)
hCoV-19/India/GJ-ICMR-NIV-INSACOG-GSEQ-3138/2021	EPI_ISL_1841269	2021-04-18	Asia / India / Gujarat / Ahmedabad	Human			Male	29	unknown		Original			B.1.617.2	G	(N_G215C,N_D63G,N_R203M,NSP12_G671S,Spike_G142D,NS3_S26L,Spike_P681R,Spike_R158del,NSP3_P1228L,NS7a_V82A,NSP3_A488S,Spike_F157del,NSP4_T492I,NSP14_A394V,Spike_T19R,NS3_D238Y,NS7a_T120I,NSP2_K81N,N_D377Y,M_I82T,NS7b_T40I,NSP13_P77L,Spike_E156G,NSP3_P1469S,Spike_T478K,NSP6_T77A,NSP12_P323L,Spike_D614G,NSP4_V167L,Spike_L452R)
hCoV-19/India/GJ-ICMR-NIV-INSACOG-GSEQ-2988/2021	EPI_ISL_1841270	2021-04-18	Asia / India / Gujarat / Ahmedabad	Human			Male	24	unknown		Original			B.1.617.2	G	(N_G215C,N_D63G,N_R203M,NSP12_G671S,Spike_G142D,NS3_S26L,NSP3_P340L,Spike_P681R,Spike_R158del,NSP3_P1228L,NS7a_V82A,NSP3_A488S,Spike_F157del,Spike_D80Y,NSP4_T492I,NSP14_A394V,Spike_T19R,NS7a_T120I,N_D377Y,M_I82T,Spike_D950N,NS7b_T40I,NSP13_P77L,Spike_E156G,NSP3_P1469S,Spike_T478K,NSP6_T77A,NSP12_P323L,Spike_D614G,NSP4_V167L,Spike_L452R)
hCoV-19/India/GJ-ICMR-NIV-INSACOG-GSEQ-3043/2021	EPI_ISL_1841271	2021-04-18	Asia / India / Gujarat / Ahmedabad	Human			Male	22	unknown		Original			B.1.617.2	G	(N_G215C,N_D63G,N_R203M,NSP12_G671S,Spike_G142D,NS3_S26L,Spike_P681R,Spike_R158del,NSP3_P1228L,NS7a_V82A,NSP3_A488S,Spike_F157del,NSP4_T492I,NSP14_A394V,Spike_T19R,NS7a_T120I,N_D377Y,M_I82T,Spike_D950N,NS7b_T40I,NSP12_M601I,NSP13_P77L,Spike_E156G,NSP3_P1469S,Spike_T478K,NSP6_T77A,NSP12_P323L,Spike_D614G,NSP4_V167L,Spike_L452R)
hCoV-19/India/GJ-ICMR-NIV-INSACOG-GSEQ-3049/2021	EPI_ISL_1841272	2021-04-18	Asia / India / Gujarat / Ahmedabad	Human			Male	25	unknown		Original			B.1.617.2	G	(N_G215C,N_D63G,N_R203M,NSP12_G671S,Spike_G142D,NS3_S26L,Spike_P681R,Spike_R158del,NSP3_P1228L,NSP5_M264I,NS7a_V82A,NSP3_A488S,Spike_F157del,NSP4_T492I,NSP14_A394V,Spike_T19R,NS7a_T120I,N_D377Y,M_I82T,NS7b_T40I,NSP12_M601I,NSP13_P77L,Spike_E156G,NSP3_P1469S,Spike_T478K,NSP6_T77A,NSP12_P323L,Spike_D614G,NSP4_V167L,Spike_L452R)
hCoV-19/India/GJ-ICMR-NIV-INSACOG-GSEQ-2996/2021	EPI_ISL_1841273	2021-04-18	Asia / India / Gujarat / Ahmedabad	Human			Male	43	unknown		Original			B.1.617.2	G	(N_G215C,N_D63G,N_R203M,NS7a_T39I,NSP12_G671S,Spike_G142D,NS3_S26L,Spike_P681R,Spike_R158del,NSP3_P1228L,NS7a_V82A,NSP3_A488S,Spike_F157del,NSP4_T492I,NSP14_A394V,Spike_T19R,NS7a_T120I,N_D377Y,M_I82T,Spike_D950N,NS7b_T40I,NSP13_P77L,Spike_E156G,NSP3_P1469S,Spike_T478K,NSP6_T77A,NSP12_P323L,Spike_D614G,NSP4_V167L,Spike_L452R)
hCoV-19/India/GJ-ICMR-NIV-INSACOG-GSEQ-3119/2021	EPI_ISL_1841274	2021-04-18	Asia / India / Gujarat / Ahmedabad	Human			Female	46	unknown		Original			B.1.617.2	G	(N_G215C,N_D63G,N_R203M,NSP12_G671S,NSP2_A318V,Spike_G142D,NS3_S26L,Spike_P681R,Spike_R158del,NSP3_P1228L,NS7a_V82A,NSP3_A488S,Spike_F157del,NSP4_T492I,NSP14_A394V,Spike_T19R,NS7a_T120I,NSP2_K81N,N_D377Y,M_I82T,Spike_D950N,NS7b_T40I,NSP13_P77L,Spike_E156G,NSP3_P1469S,Spike_T478K,NSP6_T77A,NSP3_P329S,NSP12_P323L,Spike_D614G,NSP4_V167L,Spike_L452R)
hCoV-19/India/GJ-ICMR-NIV-INSACOG-GSEQ-3007/2021	EPI_ISL_1841275	2021-04-18	Asia / India / Gujarat / Ahmedabad	Human			Female	30	unknown		Original			B.1.617.2	G	(N_G215C,N_D63G,N_R203M,NSP12_G671S,Spike_G142D,NS3_S26L,Spike_P681R,Spike_A626S,Spike_R158del,NSP3_P1228L,NS7a_V82A,NSP3_A488S,Spike_F157del,NSP4_T492I,NSP14_A394V,Spike_T19R,NS3_D238Y,NS7a_T120I,NSP2_K81N,N_D377Y,M_I82T,NSP4_S137L,Spike_D950N,NS7b_T40I,NSP13_P77L,Spike_E156G,NSP3_P1469S,Spike_T478K,NSP6_T77A,NSP12_P323L,Spike_D614G,NSP4_V167L,Spike_L452R)
hCoV-19/India/GJ-ICMR-NIV-INSACOG-GSEQ-3097/2021	EPI_ISL_1841276	2021-04-18	Asia / India / Gujarat / Ahmedabad	Human			Male	28	unknown		Original			B.1.617.2	G	(N_G215C,N_D63G,N_R203M,NSP12_G671S,Spike_G142D,NS3_S26L,Spike_P681R,Spike_R158del,NSP3_P1228L,NSP3_H1274Y,Spike_Y495M,NS7a_V82A,NSP3_A488S,Spike_F157del,NSP4_T492I,NSP14_A394V,Spike_T19R,NS3_D238Y,NS7a_T120I,NSP2_K81N,N_D377Y,M_I82T,Spike_D950N,NS7b_T40I,NSP13_P77L,Spike_E156G,NSP3_Q193P,NSP3_P1469S,Spike_T478K,NSP6_T77A,NSP12_P323L,Spike_D614G,NSP4_V167L,NSP6_L37F,Spike_L452R,NSP15_G286V)
hCoV-19/India/GJ-ICMR-NIV-INSACOG-GSEQ-2824/2021	EPI_ISL_1841279	2021-04-10	Asia / India / Gujarat / Surat	Human			Female	43	unknown		Original			B.1.617.2	GV	(NS3_A99S,N_D63G,N_R203M,NSP12_G671S,Spike_G142D,NSP6_T181I,NS3_S26L,Spike_P681R,Spike_R158del,NS7a_V82A,Spike_F157del,Spike_T19R,NS7a_T120I,Spike_A222V,N_D377Y,M_I82T,NSP6_V149A,Spike_D950N,NSP3_P822L,NSP13_P77L,Spike_E156G,NSP4_A446V,Spike_T478K,NSP3_K839E,NSP12_P323L,Spike_D614G,Spike_L452R)
hCoV-19/India/GJ-ICMR-NIV-INSACOG-GSEQ-2820/2021	EPI_ISL_1841280	2021-04-10	Asia / India / Gujarat / Surat	Human			Female	44	unknown		Original			B.1.617.2	GV	(N_D63G,N_R203M,NSP12_G671S,NSP12_S434F,Spike_G142D,NSP6_T181I,NS3_S26L,Spike_P681R,Spike_R158del,NS7a_V82A,Spike_F157del,Spike_T19R,NS7a_T120I,Spike_A222V,N_D377Y,M_I82T,NSP6_V149A,Spike_D950N,NSP3_P822L,NSP13_P77L,Spike_E156G,NSP4_A446V,Spike_T478K,NS3_E194G,NSP12_P323L,Spike_D614G,Spike_L452R)
hCoV-19/India/GJ-ICMR-NIV-INSACOG-GSEQ-2982/2021	EPI_ISL_1841281	2021-04-21	Asia / India / Gujarat / Vadodara	Human			Male	55	unknown		Original			B.1.617.2	G	(NS7a_L116F,N_D63G,N_R203M,NSP12_G671S,Spike_G142D,NSP2_P129L,NS3_S26L,NSP14_P46L,Spike_P681R,Spike_R158del,NS7a_V82A,Spike_F157del,Spike_T19R,NS7a_T120I,N_D377Y,M_I82T,NSP6_V149A,Spike_D950N,NSP3_P822L,NSP13_P77L,Spike_E156G,NSP4_A446V,Spike_A1078S,Spike_T478K,NSP12_P323L,Spike_D614G,Spike_L452R)
hCoV-19/India/GJ-ICMR-NIV-INSACOG-GSEQ-2977/2021	EPI_ISL_1841282	2021-04-03	Asia / India / Gujarat / Vadodara	Human			Female	43	unknown		Original			B.1.617.2	G	(NSP4_D217N,N_D63G,N_R203M,Spike_G142D,NSP2_P129L,NSP3_P1103Q,Spike_K77T,NS3_S26L,NSP4_F375S,Spike_P681R,Spike_R158del,NS7a_V82A,Spike_F157del,Spike_T19R,NS7a_T120I,N_D377Y,M_I82T,Spike_D950N,NSP3_P822L,Spike_E156G,NSP15_K259R,Spike_T478K,NSP6_H11Q,NSP12_P323L,Spike_D614G,Spike_L452R)
hCoV-19/India/GJ-ICMR-NIV-INSACOG-GSEQ-2974/2021	EPI_ISL_1841283	2021-04-21	Asia / India / Gujarat / Vadodara	Human			Male	31	unknown		Original			B.1.617.2	G	(N_G215C,N_D63G,N_R203M,NSP12_G671S,Spike_G142D,NS3_S26L,Spike_P681R,Spike_R158del,NSP3_P1228L,NS7a_V82A,NSP3_A488S,Spike_F157del,NSP4_T492I,NSP14_A394V,Spike_T19R,NS7a_T120I,NSP2_K81N,N_D377Y,M_I82T,Spike_D950N,NS7b_T40I,NSP13_P77L,Spike_E156G,NSP3_P1469S,Spike_T478K,NSP6_T77A,NSP12_P323L,Spike_D614G,NSP4_V167L,Spike_L452R)
hCoV-19/India/GJ-ICMR-NIV-INSACOG-GSEQ-2978/2021	EPI_ISL_1841284	2021-04-23	Asia / India / Gujarat / Vadodara	Human			Male	35	unknown		Original			B.1.617.2	G	(N_G215C,N_D63G,N_R203M,NSP12_G671S,Spike_G142D,NS3_S26L,Spike_P681R,Spike_R158del,NSP3_P1228L,NS7a_V82A,NSP3_A488S,Spike_F157del,NSP4_T492I,NSP14_A394V,Spike_T19R,NS7a_T120I,N_D377Y,M_I82T,Spike_D950N,NS7b_T40I,NSP12_M601I,NSP13_P77L,Spike_E156G,NSP3_P1469S,Spike_T478K,NSP6_T77A,NSP12_P323L,Spike_D614G,NSP4_V167L,Spike_L452R)
hCoV-19/India/GJ-ICMR-NIV-INSACOG-GSEQ-2981/2021	EPI_ISL_1841285	2021-04-23	Asia / India / Gujarat / Vadodara	Human			Male	60	unknown		Original			B.1.617.2	G	(N_G215C,N_D63G,N_R203M,NSP12_G671S,Spike_G142D,NS3_S26L,Spike_P681R,Spike_R158del,NSP3_P1228L,NS7a_V82A,NSP3_A488S,Spike_F157del,NSP4_T492I,NSP14_A394V,Spike_T19R,NS7a_T120I,N_D377Y,M_I82T,Spike_D950N,NS7b_T40I,NSP13_P77L,Spike_E156G,NSP3_P1469S,Spike_T478K,NSP6_T77A,NSP12_P323L,Spike_D614G,NSP4_V167L,Spike_L452R,NSP3_Q1216R)
hCoV-19/India/GJ-ICMR-NIV-INSACOG-GSEQ-2819/2021	EPI_ISL_1928506	2021-04-06	Asia / India / Gujarat / Surat	Human			Female	70	unknown		Original			B.1.617.2	G	(N_D377Y,M_I82T,NSP6_V149A,N_D63G,Spike_D950N,N_R203M,NSP3_P822L,NSP12_G671S,NSP13_P77L,NSP3_T936I,Spike_G142D,NSP6_T181I,NS3_S26L,NSP4_A446V,Spike_T478K,Spike_P681R,NSP12_P323L,Spike_D614G,Spike_L452R,NS7a_V82A,Spike_T19R,NS7a_T120I,Spike_A222V)
hCoV-19/India/GJ-ICMR-NIV-INSACOG-GSEQ-2823/2021	EPI_ISL_1928507	2021-04-07	Asia / India / Gujarat / Surat	Human			Female	40	unknown		Original			B.1.617.2	G	(N_D63G,N_R203M,NSP12_G671S,NSP6_C221F,Spike_G142D,Spike_R21T,NSP6_T181I,NS3_S26L,Spike_P681R,NS7a_V82A,Spike_T19R,NS7a_T120I,Spike_A222V,N_D377Y,M_I82T,NSP6_V149A,Spike_D950N,NSP3_P822L,NSP16_T151A,NSP13_P77L,NS3_R122I,NSP4_A446V,Spike_T478K,NSP12_P323L,Spike_D614G,Spike_L452R,N_A267T)
hCoV-19/India/GJ-ICMR-NIV-INSACOG-GSEQ-2822/2021	EPI_ISL_1928509	2021-04-07	Asia / India / Gujarat / Surat	Human			Female	66	unknown		Original			B.1.617.2	G	(N_D377Y,NSP3_A1537T,M_I82T,NSP6_V149A,N_D63G,Spike_D950N,N_R203M,NSP3_P822L,NSP12_G671S,NSP13_P77L,Spike_G142D,NSP6_T181I,NS3_S26L,NSP4_A446V,Spike_T478K,Spike_P681R,NSP12_P323L,Spike_D614G,Spike_L452R,NS7a_V82A,Spike_T19R,NS7a_T120I,Spike_A222V)
hCoV-19/India/GJ-ICMR-NIV-INSACOG-GSEQ-2827/2021	EPI_ISL_1928513	2021-04-10	Asia / India / Gujarat / Surat	Human			Female	32	unknown		Original			B.1.617.2	G	(N_D63G,N_R203M,NSP12_G671S,Spike_G142D,NSP2_P129L,NSP6_T181I,NS3_S26L,Spike_P681R,NSP3_G337C,NS7a_V82A,Spike_T19R,NS7a_T120I,Spike_A222V,N_D377Y,M_I82T,NSP6_V149A,Spike_D950N,NSP3_P822L,NSP13_P77L,N_T205I,NSP4_A446V,Spike_T478K,NSP12_P323L,Spike_D614G,Spike_L452R)
hCoV-19/India/GJ-ICMR-NIV-INSACOG-GSEQ-2826/2021	EPI_ISL_1928515	2021-04-10	Asia / India / Gujarat / Surat	Human			Male	48	unknown		Original			B.1.617.2	G	(N_D377Y,M_I82T,NSP6_V149A,N_D63G,Spike_D950N,N_R203M,NSP3_P822L,NSP12_G671S,NSP13_P77L,Spike_G142D,NSP6_T181I,NS3_S26L,NSP4_A446V,Spike_T478K,Spike_P681R,NSP12_P323L,Spike_D614G,Spike_L452R,NS7a_V82A,Spike_T19R,NS7a_T120I,Spike_A222V)
hCoV-19/India/GJ-ICMR-NIV-INSACOG-GSEQ-3125/2021	EPI_ISL_1928530	2021-04-17	Asia / India / Gujarat / Ahmedabad	Human			Male	25	unknown		Original			B.1.617.2	G	(N_G215C,N_D63G,N_R203M,NSP12_G671S,Spike_G142D,NS3_S26L,Spike_P681R,NSP3_P1228L,NS7a_V82A,NSP3_A488S,NSP4_T492I,NSP14_A394V,Spike_T19R,NS3_D238Y,NS7a_T120I,NSP2_K81N,N_D377Y,NSP13_H164Y,M_I82T,Spike_D950N,NS7b_T40I,NSP13_P77L,NSP3_A1310V,NSP3_P1469S,Spike_T478K,NSP6_T77A,NSP12_P323L,Spike_D614G,NSP4_V167L,Spike_L452R)
hCoV-19/India/GJ-ICMR-NIV-INSACOG-GSEQ-3065/2021	EPI_ISL_1928531	2021-04-17	Asia / India / Gujarat / Ahmedabad	Human			Male	42	unknown		Original			B.1.617.2	G	(NS7a_L116F,N_D63G,N_R203M,Spike_V483L,NSP12_G671S,Spike_G142D,N_R93L,NSP2_P129L,NS3_S26L,NSP14_P46L,Spike_P681R,NSP6_V24F,NSP2_L506F,NS7a_V82A,Spike_T19R,NS7a_T120I,N_D377Y,M_I82T,NSP6_V149A,Spike_D950N,NS7b_T40I,NSP3_P822L,NSP13_P77L,NSP2_A507V,NSP4_A446V,Spike_T478K,NSP2_D23Y,NSP12_P323L,Spike_D614G,Spike_L452R)
hCoV-19/India/GJ-ICMR-NIV-INSACOG-GSEQ-3028/2021	EPI_ISL_1928534	2021-04-17	Asia / India / Gujarat / Ahmedabad	Human			Male	61	unknown		Original			B.1.617.2	G	(N_D377Y,M_I82T,NSP6_V149A,NS7a_L116F,N_D63G,Spike_D950N,N_R203M,NSP3_P822L,NSP12_G671S,NSP13_P77L,Spike_G142D,NSP2_P129L,NS3_S26L,NSP4_A446V,NSP14_P46L,Spike_T478K,Spike_P681R,NSP12_P323L,Spike_D614G,Spike_L452R,NS7a_V82A,Spike_T19R,NS7a_T120I)
hCoV-19/India/GJ-ICMR-NIV-INSACOG-GSEQ-3025/2021	EPI_ISL_1928536	2021-04-17	Asia / India / Gujarat / Ahmedabad	Human			Male	63	unknown		Original			B.1.617.2	G	(NS7a_L116F,N_D63G,NSP12_S325I,N_R203M,NSP12_G671S,NSP2_A249T,Spike_G142D,NSP2_P129L,NSP15_A117G,NS3_S26L,Spike_P681R,NSP3_D1726N,NSP3_H1274Y,NS7a_V82A,Spike_T19R,NS7a_T120I,N_R385K,N_D377Y,M_I82T,NSP6_V149A,Spike_D950N,NSP3_P822L,NSP13_P77L,NS3_Q57H,NSP4_A446V,NS8_G8V,NSP15_H234Y,Spike_T478K,NSP12_P323L,Spike_D614G,Spike_L452R)
hCoV-19/India/GJ-ICMR-NIV-INSACOG-GSEQ-3017/2021	EPI_ISL_1928537	2021-04-17	Asia / India / Gujarat / Ahmedabad	Human			Male	52	unknown		Original			B.1.617.2	G	(N_D63G,N_R203M,NSP12_G671S,Spike_G142D,NSP6_T181I,NS7a_E95stop,NS3_S26L,Spike_L5F,Spike_P681R,NS7a_V82A,Spike_T19R,NS7a_T120I,Spike_A222V,N_D377Y,M_I82T,NSP6_V149A,Spike_D950N,NSP3_P822L,NSP13_P77L,NSP4_A446V,Spike_T478K,NSP12_P323L,Spike_D614G,Spike_L452R)
hCoV-19/India/GJ-ICMR-NIV-INSACOG-GSEQ-3145/2021	EPI_ISL_1928543	2021-04-18	Asia / India / Gujarat / Ahmedabad	Human			Female	39	unknown		Original			B.1.617.2	G	(N_G215C,N_D63G,N_R203M,NSP12_G671S,Spike_G142D,NS3_S26L,Spike_P681R,NSP3_P1228L,NS7a_V82A,NSP3_A488S,NSP4_T492I,NSP14_A394V,Spike_T19R,NS7a_T120I,NSP2_K81N,N_D377Y,M_I82T,Spike_D950N,NS7b_T40I,NSP13_P77L,NSP3_P1469S,Spike_T478K,NSP6_T77A,Spike_A879S,NSP5_M130T,NSP12_P323L,NSP16_D269E,Spike_D614G,NSP4_V167L,Spike_L452R)
hCoV-19/India/GJ-ICMR-NIV-INSACOG-GSEQ-3143/2021	EPI_ISL_1928544	2021-04-18	Asia / India / Gujarat / Ahmedabad	Human			Female	22	unknown		Original			B.1.617.2	G	(N_D63G,N_R203M,NSP12_G671S,Spike_G142D,NSP6_T181I,NS3_S26L,Spike_P681R,NSP2_L553stop,NS7a_V82A,Spike_T19R,NS7a_T120I,Spike_A222V,N_D377Y,M_I82T,NSP6_V149A,NSP2_D315G,NSP16_Q28K,NSP3_P822L,NSP13_P77L,NSP4_A446V,Spike_T478K,NSP12_P323L,Spike_D614G,Spike_L452R)
hCoV-19/India/GJ-ICMR-NIV-INSACOG-GSEQ-3135/2021	EPI_ISL_1928549	2021-04-18	Asia / India / Gujarat / Ahmedabad	Human			Female	42	unknown		Original			B.1.617.2	G	(N_G215C,N_D63G,N_R203M,NSP12_G671S,Spike_G142D,N_D401Y,NS3_S26L,Spike_P681R,NSP3_P1228L,NS7a_V82A,NSP3_A488S,NSP4_T492I,NSP14_A394V,Spike_T19R,NS7a_T120I,NSP2_K81N,N_D377Y,M_I82T,Spike_D950N,NS7b_T40I,NSP13_P77L,NSP3_L1549stop,NSP3_P1469S,Spike_T478K,NSP6_T77A,NSP12_P323L,Spike_D614G,NSP4_V167L,Spike_L452R,NSP2_L550P)
hCoV-19/India/GJ-ICMR-NIV-INSACOG-GSEQ-3124/2021	EPI_ISL_1928550	2021-04-18	Asia / India / Gujarat / Ahmedabad	Human			Male	65	unknown		Original			B.1.617.2	G	(N_D377Y,M_I82T,NSP6_V149A,NS7a_L116F,N_D63G,N_R203M,NSP3_P822L,NSP12_G671S,NSP13_P77L,Spike_G142D,NSP2_P129L,NS3_S26L,NSP4_A446V,NSP14_P46L,Spike_T478K,Spike_P681R,NSP12_P323L,Spike_D614G,Spike_L452R,NS7a_V82A,Spike_T19R,NS7a_T120I)
hCoV-19/India/GJ-ICMR-NIV-INSACOG-GSEQ-3116/2021	EPI_ISL_1928552	2021-04-18	Asia / India / Gujarat / Ahmedabad	Human			Female	53	unknown		Original			B.1.617.2	G	(NS7a_L116F,N_D63G,N_R203M,NSP12_G671S,Spike_G142D,NSP2_P129L,NS3_S26L,NSP14_P46L,Spike_P681R,NS7a_V82A,NSP10_S129N,Spike_T19R,NS7a_T120I,NSP12_P227L,N_D377Y,M_I82T,NSP6_V149A,Spike_D950N,NSP3_P822L,NSP13_P77L,Spike_Y505D,NSP4_A446V,Spike_T478K,NSP12_P323L,Spike_D614G,Spike_L452R)
hCoV-19/India/GJ-ICMR-NIV-INSACOG-GSEQ-3099/2021	EPI_ISL_1928553	2021-04-18	Asia / India / Gujarat / Ahmedabad	Human			Female	38	unknown		Original			B.1.617.2	G	(N_A414V,N_D63G,N_R203M,NSP3_L72F,NSP12_G671S,Spike_G142D,NSP6_T181I,NSP4_M366I,NS3_S26L,Spike_P681R,NS7a_V82A,Spike_T19R,NS7a_T120I,Spike_A222V,N_D377Y,M_I82T,NSP6_V149A,Spike_D950N,NSP3_P822L,NSP13_P77L,NSP4_A446V,Spike_T478K,M_H148Y,NSP12_P323L,Spike_D614G,Spike_L452R)
hCoV-19/India/GJ-ICMR-NIV-INSACOG-GSEQ-3098/2021	EPI_ISL_1928555	2021-04-18	Asia / India / Gujarat / Ahmedabad	Human			Male	27	unknown		Original			B.1.617.2	G	(N_G215C,N_D63G,N_R203M,NSP12_G671S,Spike_G142D,NS3_S26L,Spike_P681R,NSP3_P1228L,NS7a_V82A,NSP3_A488S,NSP4_T492I,NSP14_A394V,Spike_T19R,NS7a_T120I,N_D377Y,M_I82T,Spike_D950N,NS7b_T40I,NSP12_M601I,NSP13_P77L,NSP3_P1469S,Spike_T478K,Spike_M153I,NSP6_T77A,NSP12_P323L,Spike_D614G,NSP4_V167L,Spike_L452R)
hCoV-19/India/GJ-ICMR-NIV-INSACOG-GSEQ-3060/2021	EPI_ISL_1928558	2021-04-18	Asia / India / Gujarat / Ahmedabad	Human			Male	41	unknown		Original			B.1.617.2	G	(N_D377Y,M_I82T,NSP6_V149A,NS7a_L116F,N_D63G,Spike_D950N,N_R203M,NSP3_P822L,NSP12_G671S,NSP13_P77L,Spike_G142D,NSP2_P129L,NS3_S26L,NSP4_A446V,NSP14_P46L,Spike_T478K,Spike_P681R,NSP12_P323L,Spike_D614G,Spike_L452R,NS7a_V82A,Spike_T19R,NS7a_T120I)
hCoV-19/India/GJ-ICMR-NIV-INSACOG-GSEQ-3057/2021	EPI_ISL_1928559	2021-04-18	Asia / India / Gujarat / Ahmedabad	Human			Female	40	unknown		Original			B.1.617.2	G	(NSP4_F317I,N_R203M,NSP4_G309V,NSP4_F369L,NSP12_G671S,Spike_G142D,NSP4_H313T,NSP4_L331S,NSP4_M324K,NSP4_M368N,N_Q384H,NSP4_T319N,NS7a_V82A,NSP4_P333K,Spike_T19R,NS7a_T120I,M_I82T,Spike_D950N,NSP4_F326T,NSP4_L320S,NSP4_A446V,NSP4_S325A,Spike_T478K,NSP4_F322V,NSP4_V315N,NSP4_T332P,NSP4_N318R,N_D63G,NSP4_S336L,NSP6_T181I,NSP4_V334A,NS3_S26L,Spike_P681R,NSP4_V328stop,NSP4_Y335L,NSP4_L321K,NSP4_E310K,NSP4_F308G,Spike_A222V,N_D377Y,NSP4_C330Y,NSP6_V149A,NSP3_P822L,NSP13_P77L,NSP4_A316D,NSP4_Y311Q,NSP3_I23V,NSP12_P323L,Spike_D614G,Spike_L452R)
hCoV-19/India/GJ-ICMR-NIV-INSACOG-GSEQ-3042/2021	EPI_ISL_1928562	2021-04-18	Asia / India / Gujarat / Ahmedabad	Human			Male	44	unknown		Original			B.1.617.2	G	(N_G215C,N_D63G,N_R203M,NSP12_G671S,Spike_G142D,NS3_S26L,Spike_P681R,NSP3_P1228L,NS7a_V82A,NSP3_A488S,NSP4_T492I,NSP14_A394V,Spike_T19R,NS3_D238Y,NS7a_T120I,NSP2_K81N,N_D377Y,M_I82T,Spike_D950N,NS7b_T40I,NSP13_P77L,NSP3_P1469S,Spike_T478K,NSP6_T77A,NSP12_P323L,Spike_D614G,NSP4_V167L,Spike_L452R)
hCoV-19/India/GJ-ICMR-NIV-INSACOG-GSEQ-3034/2021	EPI_ISL_1928565	2021-04-18	Asia / India / Gujarat / Ahmedabad	Human			Male	72	unknown		Original			B.1.617.2	G	(Spike_S349Q,NSP2_V541I,NS7a_L116F,N_D63G,N_R203M,NSP12_G671S,Spike_G142D,NSP2_P129L,NSP3_E387G,NS3_S26L,NSP14_P46L,Spike_E324G,Spike_P681R,NSP6_V24F,NS7a_V82A,Spike_T19R,NS7a_T120I,N_D377Y,M_I82T,NSP6_V149A,Spike_D950N,NSP3_P822L,NSP13_P77L,NSP4_A446V,Spike_T478K,Spike_T323K,NSP12_P323L,Spike_D614G,Spike_L452R)
hCoV-19/India/GJ-ICMR-NIV-INSACOG-GSEQ-3023/2021	EPI_ISL_1928568	2021-04-18	Asia / India / Gujarat / Ahmedabad	Human			Male	49	unknown		Original			B.1.617.2	G	(N_G215C,N_D63G,N_R203M,NSP12_G671S,Spike_G142D,Spike_G75R,NS3_S26L,Spike_P681R,NSP3_P1228L,NS7a_V82A,NSP3_A488S,NSP4_T492I,NSP14_A394V,Spike_T19R,NS7a_T120I,NSP2_K81N,NSP3_A85V,N_D377Y,M_I82T,Spike_D950N,NS7b_T40I,NSP13_P77L,NSP3_P1469S,Spike_T478K,NSP6_T77A,NSP12_P323L,Spike_D614G,NSP4_V167L,Spike_L452R)
hCoV-19/India/GJ-ICMR-NIV-INSACOG-GSEQ-3021/2021	EPI_ISL_1928569	2021-04-18	Asia / India / Gujarat / Ahmedabad	Human			Female	26	unknown		Original			B.1.617.2	G	(NSP13_A18T,NS7a_L116F,N_D63G,N_R203M,NSP12_G671S,Spike_G142D,NSP2_P129L,NS3_S26L,NSP14_P46L,Spike_P681R,NS7a_V82A,Spike_T19R,NS7a_T120I,N_D377Y,NSP3_S794L,M_I82T,NSP6_V149A,Spike_D950N,NS7b_T40I,NSP3_P822L,NSP13_P77L,NSP3_W1498C,NSP4_A446V,Spike_T478K,NSP12_P323L,Spike_D614G,Spike_L452R,NSP5_V104I)
hCoV-19/India/GJ-ICMR-NIV-INSACOG-GSEQ-3020/2021	EPI_ISL_1928571	2021-04-18	Asia / India / Gujarat / Ahmedabad	Human			Male	40	unknown		Original			B.1.617.2	G	(NS7a_L116F,N_D63G,N_R203M,NSP12_G671S,Spike_G142D,NS3_S26L,NSP3_S1682F,Spike_P681R,NSP2_C136F,NS8_E106stop,NSP3_H1274Y,NS7a_V82A,Spike_T19R,NS7a_T120I,N_R385K,N_D377Y,M_I82T,NSP6_V149A,Spike_D950N,NSP3_P822L,NSP13_P77L,NSP4_A446V,NSP15_H234Y,Spike_T478K,NSP9_T67I,NSP12_P323L,Spike_D614G,Spike_L452R)
hCoV-19/India/GJ-ICMR-NIV-INSACOG-GSEQ-3019/2021	EPI_ISL_1928572	2021-04-18	Asia / India / Gujarat / Ahmedabad	Human			Male	54	unknown		Original			B.1.617.2	G	(N_G215C,Spike_T470S,N_D63G,N_R203M,NSP12_G671S,Spike_G142D,NS3_S26L,Spike_P681R,NSP3_P1228L,NS7a_V82A,NSP3_A488S,NSP4_T492I,NSP14_A394V,Spike_T19R,NS3_D238Y,NS7a_T120I,NSP2_K81N,N_D377Y,M_I82T,Spike_D950N,NS7b_T40I,NSP13_P77L,NSP3_P1469S,Spike_T478K,NSP6_T77A,NSP12_P323L,Spike_D614G,NSP4_V167L,Spike_L452R)
hCoV-19/India/GJ-ICMR-NIV-INSACOG-GSEQ-3016/2021	EPI_ISL_1928573	2021-04-18	Asia / India / Gujarat / Ahmedabad	Human			Male	52	unknown		Original			B.1.617.2	G	(N_D63G,N_R203M,NSP12_G671S,Spike_G142D,NSP6_T181I,NS3_S26L,Spike_P681R,NS7a_V82A,Spike_T19R,NS7a_T120I,Spike_A222V,N_D377Y,M_I82T,NSP6_V149A,Spike_D950N,NSP3_P822L,NSP13_P77L,NSP7_V66I,NSP4_A446V,Spike_T478K,NSP12_P323L,Spike_D614G,NS7a_L77I,Spike_L452R)
hCoV-19/India/GJ-ICMR-NIV-INSACOG-GSEQ-3008/2021	EPI_ISL_1928575	2021-04-18	Asia / India / Gujarat / Ahmedabad	Human			Female	44	unknown		Original			B.1.617.2	G	(N_D377Y,M_I82T,NSP6_V149A,N_D63G,N_R203M,NSP3_P822L,NSP12_G671S,NSP13_P77L,Spike_G142D,NSP6_T181I,NS7b_D8E,NS3_S26L,NSP4_A446V,Spike_T478K,Spike_P681R,NSP12_P323L,NSP14_Y494H,Spike_D614G,Spike_L452R,NS7a_V82A,Spike_T19R,NS7a_T120I,Spike_A222V)
hCoV-19/India/GJ-ICMR-NIV-INSACOG-GSEQ-2989/2021	EPI_ISL_1928578	2021-04-18	Asia / India / Gujarat / Ahmedabad	Human			Female	20	unknown		Original			B.1.617.2	G	(NS7a_L116F,N_D63G,N_R203M,Spike_A67V,NSP3_W1548stop,NSP12_G671S,Spike_G142D,NSP2_P129L,NSP3_E1271D,NS3_S26L,NSP14_P46L,Spike_P681R,NS7a_V82A,Spike_T19R,NS7a_T120I,NSP12_P227L,N_D377Y,M_I82T,NSP6_V149A,Spike_D950N,NSP3_P822L,NSP13_P77L,NSP3_L1549stop,NSP4_A446V,Spike_T478K,NSP12_P323L,Spike_D614G,Spike_L452R,NSP13_V226L)
hCoV-19/India/GJ-ICMR-NIV-INSACOG-GSEQ-3131/2021	EPI_ISL_1928588	2021-04-19	Asia / India / Gujarat / Ahmedabad	Human			Male	60	unknown		Original			B.1.617.2	G	(NSP2_V541I,N_D63G,N_R203M,NSP12_G671S,Spike_G142D,NSP6_T181I,NS7a_E95stop,NS3_S26L,Spike_L5F,Spike_P681R,NS7a_V82A,Spike_T19R,NS7a_T120I,Spike_A222V,N_D377Y,M_I82T,NSP6_V149A,Spike_D950N,NSP3_P822L,NSP13_P77L,NSP12_Y273H,NSP4_A446V,Spike_T478K,NSP12_P323L,Spike_D614G,Spike_L452R)
hCoV-19/India/GJ-ICMR-NIV-INSACOG-GSEQ-3112/2021	EPI_ISL_1928590	2021-04-19	Asia / India / Gujarat / Ahmedabad	Human			Male	25	unknown		Original			B.1.617.2	G	(NS7a_L116F,N_D63G,N_R203M,NSP2_A411T,NSP12_G671S,Spike_G142D,NSP2_P129L,NS3_S26L,NSP14_P46L,Spike_P681R,N_Q229R,NS7a_V82A,Spike_T19R,NS7a_T120I,N_D377Y,M_I82T,NSP6_V149A,Spike_D950N,NSP3_P822L,NSP13_P77L,N_S232V,NSP4_A446V,N_E231R,Spike_T478K,NSP12_P323L,Spike_D614G,N_L230E,Spike_L452R)
hCoV-19/India/GJ-ICMR-NIV-INSACOG-GSEQ-3101/2021	EPI_ISL_1928592	2021-04-19	Asia / India / Gujarat / Ahmedabad	Human			Female	53	unknown		Original			B.1.617.2	G	(NSP2_V541I,NS7a_L116F,N_D63G,N_R203M,Spike_V483L,NSP12_G671S,Spike_G142D,NSP2_P129L,NS3_S26L,NSP14_P46L,Spike_P681R,NSP6_V24F,NS7a_V82A,Spike_T19R,NS7a_T120I,N_D377Y,NSP12_M629I,M_I82T,NSP6_V149A,Spike_D950N,NSP3_P822L,NSP13_P77L,NSP4_A446V,Spike_T478K,NSP2_D23Y,NSP12_P323L,Spike_D614G,Spike_L452R)
hCoV-19/India/GJ-ICMR-NIV-INSACOG-GSEQ-2973/2021	EPI_ISL_1928599	2021-04-20	Asia / India / Gujarat / Vadodara	Human			Male	35	unknown		Original			B.1.617.2	G	(N_D63G,N_R203M,NSP12_G671S,Spike_G142D,NSP6_T181I,NS3_S26L,Spike_P681R,NS7a_V82A,Spike_T19R,NS7a_T120I,Spike_A222V,N_D377Y,M_I82T,NSP6_V149A,Spike_D950N,NSP3_P822L,NSP13_P77L,NSP15_T120I,Spike_E1144Q,NSP4_A446V,Spike_T478K,NSP12_P323L,Spike_D614G,NS8_H17Y,Spike_L452R)
hCoV-19/India/GJ-ICMR-NIV-INSACOG-GSEQ-2972/2021	EPI_ISL_1928601	2021-04-20	Asia / India / Gujarat / Vadodara	Human			Male	45	unknown		Original			B.1.617.2	G	(NSP12_P809R,N_D63G,N_R203M,NSP12_G671S,Spike_G142D,NSP6_T181I,NS3_S26L,Spike_P681R,NS7a_V82A,Spike_T19R,NS7a_T120I,Spike_A222V,N_D377Y,M_I82T,NSP6_V149A,NSP3_P822L,NSP13_P77L,NSP15_T120I,Spike_E1144Q,NSP4_A446V,Spike_T478K,NSP12_P323L,Spike_D614G,NS8_H17Y,Spike_L452R)
hCoV-19/India/GJ-ICMR-NIV-INSACOG-GSEQ-2970/2021	EPI_ISL_1928602	2021-04-20	Asia / India / Gujarat / Vadodara	Human			Female	37	unknown		Original			B.1.617.2	G	(N_G215C,N_D63G,N_R203M,Spike_G502V,NSP12_G671S,NSP2_A318V,Spike_G142D,NS3_S26L,Spike_P681R,NSP3_P1228L,NS7a_V82A,NSP3_A488S,NSP4_T492I,NSP14_A394V,Spike_T19R,NS7a_T120I,NSP2_K81N,N_D377Y,M_I82T,Spike_D950N,NS7b_T40I,NSP13_P77L,NSP3_P1469S,Spike_T478K,NSP6_T77A,NSP12_P323L,Spike_D614G,NSP4_V167L,Spike_L452R,NSP1_E87D)
hCoV-19/India/GJ-ICMR-NIV-INSACOG-GSEQ-2966/2021	EPI_ISL_1928605	2021-04-20	Asia / India / Gujarat / Vadodara	Human			Male	32	unknown		Original			B.1.617.2	G	(N_D63G,N_R203M,NSP12_G671S,Spike_G142D,NSP6_T181I,NS3_S26L,Spike_P681R,NS7a_V82A,Spike_T19R,NS7a_T120I,Spike_A222V,N_D377Y,M_I82T,NSP6_V149A,Spike_D950N,NSP3_P822L,NSP13_P77L,NSP15_T120I,Spike_E1144Q,NSP4_A446V,Spike_T478K,NSP12_P323L,Spike_D614G,Spike_L452R,NSP2_I42V)
hCoV-19/India/GJ-ICMR-NIV-INSACOG-GSEQ-2986/2021	EPI_ISL_1928627	2021-04-22	Asia / India / Gujarat / Vadodara	Human			Female	42	unknown		Original			B.1.617.2	G	(NS7a_L116F,N_D63G,N_R203M,NSP3_S1370stop,NSP12_G671S,NSP3_F1415Y,NSP3_S1402T,Spike_G142D,NSP2_P129L,NSP3_I1372T,NS3_S26L,NSP14_P46L,NS7a_V82A,NSP3_I1412K,Spike_T19R,NS7a_T120I,N_D377Y,M_I82T,NSP6_V149A,NSP3_N1410K,Spike_D950N,NSP3_P822L,NSP13_P77L,NSP4_A446V,NSP3_I1409V,Spike_T478K,NSP3_K1373stop,NSP3_P1403L,NSP3_I1411T,NSP12_P323L,Spike_D614G,NSP3_W1414stop,Spike_L452R,NSP3_I1413L)
hCoV-19/India/GJ-ICMR-NIV-INSACOG-GSEQ-2983/2021	EPI_ISL_1928631	2021-04-22	Asia / India / Gujarat / Vadodara	Human			Male	75	unknown		Original			B.1.617.2	G	(N_D377Y,M_I82T,NSP6_V149A,N_D63G,Spike_D950N,N_R203M,NSP3_P822L,NSP12_G671S,NSP13_P77L,Spike_G142D,NSP6_T181I,NS3_S26L,NSP4_A446V,Spike_T478K,Spike_P681R,NSP12_P323L,NS3_S92L,Spike_D614G,Spike_L452R,NS7a_V82A,Spike_T19R,NS7a_T120I,Spike_A222V)
hCoV-19/India/GJ-ICMR-NIV-INSACOG-GSEQ-2975/2021	EPI_ISL_1928632	2021-04-22	Asia / India / Gujarat / Vadodara	Human			Male	30	unknown		Original			B.1.617.2	G	(N_D377Y,M_I82T,NSP6_V149A,N_D63G,Spike_D950N,N_R203M,NSP3_P822L,NSP12_G671S,NSP13_P77L,Spike_G142D,NSP6_T181I,NS3_S26L,NS3_V13L,NSP4_A446V,Spike_T478K,Spike_P681R,NSP12_P323L,Spike_D614G,Spike_L452R,NS7a_V82A,Spike_T19R,NS7a_T120I,Spike_A222V)
hCoV-19/India/GJ-ICMR-NIV-INSACOG-GSEQ-2980/2021	EPI_ISL_1928638	2021-04-23	Asia / India / Gujarat / Vadodara	Human			Male	43	unknown		Original			B.1.617.2	G	(N_G215C,N_D63G,N_R203M,N_P151S,NSP12_G671S,Spike_G142D,NSP3_P1044L,NSP13_A446S,NS3_S26L,Spike_P681R,NSP3_P1228L,NS7a_V82A,NSP3_A488S,NSP4_T492I,NSP14_A394V,NS7a_T120I,N_D377Y,M_I82T,NS7b_T40I,NSP13_P77L,NSP3_P1469S,Spike_T478K,NSP6_T77A,NSP12_P323L,Spike_D614G,NSP4_V167L,Spike_L452R)
hCoV-19/India/GJ-ICMR-NIV-INSACOG-GSEQ-2979/2021	EPI_ISL_1928639	2021-04-23	Asia / India / Gujarat / Vadodara	Human			Male	37	unknown		Original			B.1.617.2	G	(N_G215C,N_D63G,N_R203M,N_P151S,NSP12_G671S,Spike_G142D,NSP3_P1044L,NSP13_A446S,NS3_S26L,Spike_P681R,NSP3_P1228L,NS7a_V82A,NSP3_A488S,NSP4_T492I,NSP14_A394V,Spike_T19R,NS7a_T120I,N_D377Y,M_I82T,Spike_D950N,NS7b_T40I,NSP13_P77L,NSP3_P1469S,Spike_T478K,NSP6_T77A,NSP12_P323L,Spike_D614G,NSP4_V167L,Spike_L452R)
hCoV-19/India/GJ-ICMR-NIV-INSACOG-GSEQ-2976/2021	EPI_ISL_1928641	2021-04-23	Asia / India / Gujarat / Vadodara	Human			Male	35	unknown		Original			B.1.617.2	G	(N_D63G,N_R203M,NSP12_G671S,Spike_G142D,NSP6_T181I,NS3_S26L,Spike_P681R,NSP10_P136S,N_Q289H,NS7a_V82A,Spike_T19R,NS7a_T120I,Spike_A222V,N_D377Y,M_I82T,NSP6_V149A,Spike_D950N,NSP3_P822L,NSP13_P77L,NSP4_A446V,Spike_T478K,NSP12_P323L,Spike_D614G,Spike_L452R)
hCoV-19/India/GJ-ICMR-NIV-INSAGOG-GSEQ-2987/2021	EPI_ISL_1970453	2021-04-18	Asia / India / Gujarat	Human			Male	53	unknown		Original			B.1.617.2	G	(NSP2_Q496H,N_D63G,N_R203M,NSP15_A81V,NSP12_G671S,NSP4_M324I,Spike_G142D,NSP6_T181I,NS3_S26L,Spike_P681R,NS7a_V82A,Spike_T19R,NS7a_T120I,Spike_A222V,N_D377Y,M_I82T,NSP6_V149A,Spike_D950N,NSP3_P822L,NSP13_P77L,Spike_T1117I,NSP4_A446V,Spike_T478K,Spike_T1066N,NSP12_P323L,Spike_D614G,Spike_L452R)
hCoV-19/India/GJ-ICMR-NIV-INSAGOG-GSEQ-2992/2021	EPI_ISL_1970454	2021-04-22	Asia / India / Gujarat	Human			Male	42	unknown		Original			B.1.617.2	G	(N_D63G,N_R203M,NSP6_C221G,NSP12_G671S,Spike_G142D,NSP6_T181I,NS3_S26L,Spike_P681R,NS7a_V82A,Spike_T19R,NS7a_T120I,Spike_A222V,N_D377Y,M_I82T,NSP6_V149A,Spike_D950N,E_T35A,NSP3_P822L,NSP13_P77L,NSP4_A446V,Spike_T478K,NSP12_P323L,Spike_D614G,Spike_L452R)
hCoV-19/India/GJ-ICMR-NIV-INSAGOG-GSEQ-2994/2021	EPI_ISL_1970455	2021-04-17	Asia / India / Gujarat	Human			Male	39	unknown		Original			B.1.617.2	G	(N_D377Y,M_I82T,NSP6_V149A,NS7a_L116F,N_D63G,N_R203M,NSP3_P822L,NSP12_G671S,NSP13_P77L,Spike_G142D,NSP2_P129L,NS3_S26L,NSP4_A446V,NSP14_P46L,Spike_T478K,Spike_P681R,NSP12_P323L,Spike_D614G,Spike_L452R,NS7a_V82A,Spike_T19R,NS7a_T120I)
hCoV-19/India/GJ-ICMR-NIV-INSAGOG-GSEQ-3001/2021	EPI_ISL_1970456	2021-04-18	Asia / India / Gujarat	Human			Male	33	unknown		Original			B.1.617.2	G	(N_G215C,N_D63G,N_R203M,NSP12_G671S,NS3_L65F,Spike_G142D,NSP15_T325I,NS3_S26L,Spike_P681R,NSP3_P1228L,NS7a_V82A,NSP3_A488S,NSP4_T492I,NSP14_A394V,Spike_T19R,NS7a_T120I,N_D377Y,M_I82T,NS7b_T40I,NSP13_P77L,NSP3_P1469S,Spike_T478K,NSP6_T77A,NSP12_P323L,NSP14_R205C,Spike_D614G,NSP4_V167L,Spike_L452R,N_S33I,NSP9_K36N)
hCoV-19/India/GJ-ICMR-NIV-INSAGOG-GSEQ-3003/2021	EPI_ISL_1970457	2021-04-23	Asia / India / Gujarat	Human			Male	21	unknown		Original			B.1.617.2	G	(N_D63G,N_R203M,NSP12_G671S,Spike_G142D,NSP6_T181I,NS3_S26L,NSP12_K780R,Spike_P681R,NS7a_V82A,Spike_T19R,NS7a_T120I,Spike_A222V,N_D377Y,M_I82T,NSP6_V149A,Spike_D950N,NSP3_P822L,NSP13_P77L,NSP14_M72I,Spike_L216F,NSP4_A446V,Spike_T478K,NS3_V259L,NSP12_P323L,Spike_D614G,Spike_L452R,NSP14_Q354H)
hCoV-19/India/GJ-ICMR-NIV-INSAGOG-GSEQ-3009/2021	EPI_ISL_1970458	2021-04-16	Asia / India / Gujarat	Human			Male	45	unknown		Original			B.1.617.2	G	(N_D63G,N_R203M,NSP12_G671S,Spike_G142D,NSP6_T181I,NS3_S26L,Spike_P681R,NSP3_Q322H,NSP4_I2V,NS7a_V82A,Spike_T19R,NS7a_T120I,Spike_A222V,N_D377Y,M_I82T,NSP6_V149A,Spike_D950N,NSP3_P822L,NSP13_P77L,NSP4_A446V,Spike_T478K,NSP12_P323L,Spike_D614G,Spike_L452R)
hCoV-19/India/GJ-ICMR-NIV-INSAGOG-GSEQ-3014/2021	EPI_ISL_1970459	2021-04-24	Asia / India / Gujarat	Human			Female	34	unknown		Original			B.1.617.2	G	(NS7a_C67F,N_D63G,N_R203M,NSP12_G671S,NS7a_S81L,Spike_G142D,NSP6_T181I,NS3_S26L,Spike_P681R,NS7a_V82A,Spike_T19R,NS7a_T120I,Spike_A222V,N_D377Y,M_I82T,NSP6_V149A,Spike_D950N,NSP3_P822L,NSP13_P77L,NSP3_N1369T,NSP4_A446V,Spike_T478K,NSP12_P323L,Spike_D614G,Spike_L452R)
hCoV-19/India/GJ-ICMR-NIV-INSAGOG-GSEQ-3037/2021	EPI_ISL_1970461	2021-04-18	Asia / India / Gujarat	Human			Female	60	unknown		Original			B.1.617.2	G	(NS7a_L116F,N_D63G,N_R203M,NSP12_G671S,Spike_G142D,NSP2_P129L,NS3_S26L,NSP3_E522D,NSP14_P46L,Spike_P681R,NS7a_V82A,Spike_T19R,NS7a_T120I,NSP12_P227L,N_D377Y,M_I82T,NSP6_V149A,NSP3_P822L,NSP13_P77L,NSP4_A446V,Spike_T478K,NSP12_P323L,Spike_D614G,Spike_L452R)
hCoV-19/India/GJ-ICMR-NIV-INSAGOG-GSEQ-3044/2021	EPI_ISL_1970462	2021-04-24	Asia / India / Gujarat	Human			Male	34	unknown		Original			B.1.617.2	G	(N_D377Y,M_I82T,NSP6_V149A,N_D63G,Spike_D950N,N_R203M,NSP3_P822L,NSP12_G671S,NSP13_P77L,Spike_G142D,NSP6_T181I,NS3_S26L,NSP4_A446V,Spike_T478K,Spike_P681R,NS8_V62L,NSP12_P323L,Spike_D614G,Spike_L452R,NS7a_V82A,Spike_T19R,NS7a_T120I,Spike_A222V)
hCoV-19/India/GJ-ICMR-NIV-INSAGOG-GSEQ-3047/2021	EPI_ISL_1970463	2021-04-18	Asia / India / Gujarat	Human			Female	38	unknown		Original			B.1.617.2	G	(NSP13_A18T,NS7a_L116F,N_D63G,N_R203M,NSP12_G671S,NSP3_T936I,Spike_G142D,NSP2_P129L,NS3_S26L,NSP14_P46L,Spike_P681R,NSP2_A192V,NS7a_V82A,Spike_T19R,NS7a_T120I,N_D377Y,NSP3_S794L,M_I82T,NSP6_V149A,Spike_D950N,NSP3_P822L,NSP13_P77L,NSP4_A446V,Spike_T478K,NSP12_P323L,Spike_D614G,Spike_L452R,NSP16_I169V)
hCoV-19/India/GJ-ICMR-NIV-INSAGOG-GSEQ-3053/2021	EPI_ISL_1970464	2021-04-18	Asia / India / Gujarat	Human			Male	46	unknown		Original			B.1.617.2	G	(NSP13_A18T,NS7a_L116F,N_D63G,N_R203M,NSP12_G671S,NSP3_T936I,Spike_G142D,NSP2_P129L,NS3_S26L,NSP14_P46L,Spike_P681R,NSP2_A192V,NS7a_V82A,Spike_T19R,NS7a_T120I,N_D377Y,NSP3_S794L,M_I82T,NSP6_V149A,Spike_D950N,NSP3_P822L,NSP13_P77L,NSP4_A446V,Spike_T478K,NSP12_P323L,Spike_D614G,Spike_L452R,NSP16_I169V)
hCoV-19/India/GJ-ICMR-NIV-INSAGOG-GSEQ-3058/2021	EPI_ISL_1970465	2021-04-18	Asia / India / Gujarat	Human			Male	30	unknown		Original			B.1.617.2	G	(N_D63G,N_R203M,NSP12_G671S,Spike_P621L,Spike_G142D,NSP6_T181I,NS3_S26L,Spike_P681R,NS7a_V82A,Spike_T19R,Spike_D574H,NS7a_T120I,Spike_A222V,N_D377Y,M_I82T,NSP6_V149A,Spike_D950N,NSP3_P822L,NSP13_P77L,NSP4_A446V,Spike_T478K,NSP12_P323L,Spike_D614G,Spike_V705F,Spike_L452R)
hCoV-19/India/GJ-ICMR-NIV-INSAGOG-GSEQ-3063/2021	EPI_ISL_1970466	2021-04-18	Asia / India / Gujarat	Human			Male	59	unknown		Original			B.1.617.2	G	(NS7a_L116F,N_D63G,N_R203M,NSP12_G671S,Spike_G142D,NSP2_P129L,NS3_S26L,NSP14_P46L,Spike_P681R,NS7a_V82A,Spike_T19R,NS7a_T120I,N_D377Y,M_I82T,NSP6_V149A,Spike_D950N,NSP3_Q157L,NS7b_T40I,NSP3_P822L,NSP13_P77L,NSP4_A446V,Spike_T478K,NSP12_P323L,Spike_D614G,Spike_L452R)
hCoV-19/India/GJ-ICMR-NIV-INSAGOG-GSEQ-3064/2021	EPI_ISL_1970467	2021-04-18	Asia / India / Gujarat	Human			Male	33	unknown		Original			B.1.617.2	G	(N_G215C,N_D63G,N_R203M,E_V58F,NSP12_G671S,Spike_G142D,NS3_S26L,Spike_P681R,NSP3_P1228L,NS7a_V82A,NSP3_A488S,NSP4_T492I,NSP14_A394V,Spike_T19R,NS7a_T120I,NSP2_K81N,N_D377Y,M_I82T,Spike_D950N,NS7b_T40I,NSP13_P77L,NSP3_P1469S,Spike_T478K,NSP6_T77A,NSP12_P323L,Spike_D614G,NSP4_V167L,Spike_L452R)
hCoV-19/India/GJ-ICMR-NIV-INSAGOG-GSEQ-3066/2021	EPI_ISL_1970468	2021-04-18	Asia / India / Gujarat	Human			Male	46	unknown		Original			B.1.617.2	G	(N_G215C,N_D63G,N_R203M,NSP12_G671S,Spike_G142D,NS3_S26L,Spike_P681R,NSP3_P1228L,NS7a_V82A,NSP3_A488S,NSP4_T492I,NSP14_A394V,Spike_T19R,NS7a_T120I,N_D377Y,M_I82T,NS7a_C58F,Spike_D950N,NS7b_T40I,NSP13_P77L,NSP3_P1469S,Spike_T478K,NSP6_T77A,NSP12_P323L,Spike_D614G,NSP4_V167L,Spike_L452R)
hCoV-19/India/GJ-ICMR-NIV-INSAGOG-GSEQ-3068/2021	EPI_ISL_1970470	2021-04-18	Asia / India / Gujarat	Human			Female	52	unknown		Original			B.1.617.2	G	(N_G215C,NS7a_L116F,N_D63G,N_R203M,NSP12_G671S,Spike_G142D,NSP2_P129L,NS3_S26L,NSP14_P46L,Spike_P681R,NS7a_V82A,NSP4_T492I,Spike_T19R,NS7a_T120I,NSP2_K81N,N_D377Y,M_I82T,Spike_D950N,NS7b_T40I,NSP13_P77L,NSP4_A446V,Spike_T478K,NSP12_P323L,Spike_D614G,Spike_L452R,NSP13_R339H)
hCoV-19/India/GJ-ICMR-NIV-INSAGOG-GSEQ-3069/2021	EPI_ISL_1970471	2021-04-18	Asia / India / Gujarat	Human			Male	35	unknown		Original			B.1.617.2	G	(N_G215C,N_D63G,N_R203M,NSP12_G671S,Spike_G142D,NS3_S26L,Spike_P681R,NSP3_P1228L,NS7a_V82A,NSP3_A488S,NSP4_T492I,NSP14_A394V,Spike_T19R,NS3_D238Y,NS7a_T120I,NSP2_K81N,N_D377Y,M_I82T,Spike_D950N,NS7b_T40I,NSP13_P77L,NSP3_P1469S,N_D399H,Spike_T478K,NSP6_T77A,NSP12_P323L,Spike_D614G,NSP4_V167L,Spike_L452R)
hCoV-19/India/GJ-ICMR-NIV-INSAGOG-GSEQ-3070/2021	EPI_ISL_1970472	2021-04-18	Asia / India / Gujarat	Human			Male	28	unknown		Original			B.1.617.2	G	(NS7a_L116F,N_D63G,N_R203M,NSP12_G671S,Spike_G142D,NSP2_P129L,Spike_C488F,NS3_S26L,NSP2_P624S,Spike_P681R,NSP3_H1274Y,NSP13_P529L,NS7a_V82A,Spike_T19R,Spike_Q506K,NS7a_T120I,N_R385K,N_D377Y,M_I82T,NSP6_V149A,Spike_D950N,NSP3_P822L,NSP13_P77L,Spike_P507L,NSP4_A446V,NS8_G8V,NSP15_H234Y,Spike_T478K,NSP12_P323L,Spike_D614G,Spike_L452R,NSP15_Q309L)
hCoV-19/India/GJ-ICMR-NIV-INSAGOG-GSEQ-3071/2021	EPI_ISL_1970473	2021-04-18	Asia / India / Gujarat	Human			Female	80	unknown		Original			B.1.617.2	G	(N_G215C,N_D63G,N_R203M,NSP12_G671S,Spike_G142D,NS3_S26L,Spike_P681R,NSP3_P1228L,NS7a_V82A,NSP3_A488S,NSP4_T492I,NSP14_A394V,Spike_T19R,NS7a_T120I,N_D377Y,M_I82T,Spike_D950N,NS7b_T40I,NSP12_M601I,NSP13_P77L,NSP3_P1469S,Spike_T478K,NSP6_T77A,NSP12_P323L,Spike_D614G,NSP4_V167L,Spike_L452R)
hCoV-19/India/GJ-ICMR-NIV-INSAGOG-GSEQ-3073/2021	EPI_ISL_1970474	2021-04-18	Asia / India / Gujarat	Human			Male	32	unknown		Original			B.1.617.2	G	(N_D63G,N_R203M,NSP12_G671S,Spike_G142D,NSP6_T181I,NS3_S26L,Spike_P681R,NSP2_C11Y,NS7a_V82A,Spike_T19R,NS7a_T120I,Spike_A222V,Spike_Q613H,N_D377Y,M_I82T,NSP6_V149A,Spike_D950N,NSP3_P822L,NSP13_P77L,NSP4_A446V,Spike_T478K,NSP12_P323L,Spike_D614G,Spike_L452R,NSP6_S32F,NS3_W131R)
hCoV-19/India/GJ-ICMR-NIV-INSAGOG-GSEQ-3075/2021	EPI_ISL_1970475	2021-04-18	Asia / India / Gujarat	Human			Female	66	unknown		Original			B.1.617.2	G	(N_D377Y,M_I82T,NSP6_V149A,N_D63G,Spike_D950N,N_R203M,NSP3_P822L,NSP12_G671S,NSP13_P77L,Spike_G142D,NSP6_T181I,NS3_S26L,M_V143L,NSP4_A446V,Spike_T478K,Spike_P681R,NSP12_P323L,Spike_D614G,Spike_L452R,NS7a_V82A,Spike_T19R,NS7a_T120I,Spike_A222V)
hCoV-19/India/GJ-ICMR-NIV-INSAGOG-GSEQ-3077/2021	EPI_ISL_1970476	2021-04-18	Asia / India / Gujarat	Human			Female	70	unknown		Original			B.1.617.2	G	(N_G215C,N_D63G,N_R203M,NSP12_G671S,NSP2_A318V,Spike_G142D,NS3_S26L,Spike_P681R,NSP3_P1228L,NSP3_L1244F,NS7a_V82A,NSP3_A488S,NSP4_T492I,NSP6_T20I,NSP14_A394V,Spike_T19R,NS7a_T120I,NSP2_K81N,N_D377Y,M_I82T,Spike_D950N,NS7b_T40I,NSP13_P77L,NSP2_L213F,NSP3_P1469S,Spike_T478K,NSP6_T77A,Spike_A879S,NSP12_P323L,Spike_D614G,NSP4_V167L,Spike_L452R,NSP3_A146V)
hCoV-19/India/GJ-ICMR-NIV-INSAGOG-GSEQ-3078/2021	EPI_ISL_1970477	2021-04-18	Asia / India / Gujarat	Human			Female	51	unknown		Original			B.1.617.2	G	(N_G215C,N_D63G,N_R203M,NSP12_G671S,NSP3_P1103L,Spike_G142D,NS3_S26L,Spike_P681R,NSP3_P1228L,NS7a_V82A,NSP3_A488S,NSP4_T492I,NSP14_A394V,Spike_T19R,NS7a_T120I,N_D377Y,M_I82T,Spike_D950N,NS7b_T40I,NSP13_P77L,NSP3_P1469S,Spike_T478K,N_R36L,NSP6_T77A,NSP12_P323L,Spike_D614G,NSP4_V167L,Spike_L452R)
hCoV-19/India/GJ-ICMR-NIV-INSAGOG-GSEQ-3079/2021	EPI_ISL_1970478	2021-04-18	Asia / India / Gujarat	Human			Male	24	unknown		Original			B.1.617.2	G	(NS7a_L116F,N_D63G,N_R203M,NSP12_G671S,Spike_G142D,NSP2_P129L,NS3_S26L,NSP14_P46L,Spike_P681R,NS7a_V82A,Spike_T19R,NS7a_T120I,N_D377Y,M_I82T,NSP6_V149A,Spike_D950N,NSP3_P822L,NSP3_A1526V,NSP13_P77L,NSP4_A446V,Spike_T478K,NSP12_P323L,Spike_D614G,NSP3_L1685I,Spike_L452R,NSP3_S699F)
hCoV-19/India/GJ-ICMR-NIV-INSAGOG-GSEQ-3080/2021	EPI_ISL_1970479	2021-04-18	Asia / India / Gujarat	Human			Female	40	unknown		Original			B.1.617.2	G	(N_G215C,N_D63G,N_R203M,NSP12_G671S,Spike_G142D,NS3_S26L,Spike_P681R,NSP3_P1228L,NSP13_M233I,NS7a_V82A,NSP3_A488S,NSP4_T492I,NSP14_A394V,Spike_T19R,NS7a_T120I,N_D377Y,M_I82T,Spike_D950N,NS7b_T40I,NSP13_P77L,NSP3_P1469S,Spike_T478K,NSP6_T77A,NS3_E239Q,NSP12_P323L,Spike_D614G,NSP4_V167L,Spike_L452R)
hCoV-19/India/GJ-ICMR-NIV-INSAGOG-GSEQ-3081/2021	EPI_ISL_1970480	2021-04-18	Asia / India / Gujarat	Human			Female	18	unknown		Original			B.1.617.2	G	(N_D377Y,M_I82T,NSP6_V149A,N_D63G,Spike_D950N,N_R203M,NSP3_P822L,NSP12_G671S,NSP13_P77L,Spike_G142D,NSP6_T181I,NS3_S26L,NSP4_A446V,Spike_T478K,Spike_P681R,NSP12_P323L,Spike_D614G,NSP12_V473F,Spike_L452R,NS7a_V82A,Spike_T19R,NS7a_T120I,Spike_A222V)
hCoV-19/India/GJ-ICMR-NIV-INSAGOG-GSEQ-3085/2021	EPI_ISL_1970481	2021-04-18	Asia / India / Gujarat	Human			Female	32	unknown		Original			B.1.617.2	G	(N_G215C,N_D63G,N_R203M,NSP12_G671S,Spike_G142D,NS3_S26L,Spike_P681R,NSP3_P1228L,NS7a_V82A,NSP3_A488S,NSP4_T492I,NSP14_A394V,Spike_T19R,NS3_D238Y,NS7a_T120I,NSP2_K81N,N_D377Y,M_I82T,Spike_D950N,NS7b_T40I,NSP13_P77L,NSP3_P1469S,Spike_T478K,NSP6_T77A,NSP12_P323L,Spike_D614G,NSP4_V167L,Spike_L452R)
hCoV-19/India/GJ-ICMR-NIV-INSAGOG-GSEQ-3087/2021	EPI_ISL_1970482	2021-04-18	Asia / India / Gujarat	Human			Male	67	unknown		Original			B.1.617.2	G	(N_D63G,N_R203M,NSP12_G671S,Spike_G142D,NSP6_T181I,NS3_S26L,Spike_P681R,NSP12_A878V,NS7a_V82A,NS7a_T120I,Spike_T19R,Spike_A222V,Spike_P812L,N_D377Y,M_I82T,NSP6_V149A,NSP15_F122L,Spike_D950N,NSP3_P822L,NSP13_P77L,NSP4_A446V,Spike_T478K,NSP3_S1285F,NSP12_P323L,Spike_D614G,Spike_L452R,NS7b_N38Y)
hCoV-19/India/GJ-ICMR-NIV-INSAGOG-GSEQ-3089/2021	EPI_ISL_1970484	2021-04-17	Asia / India / Gujarat	Human			Male	25	unknown		Original			B.1.617.2	G	(NS7a_L116F,N_D63G,NSP3_T1465I,N_R203M,NSP12_G671S,Spike_G142D,NSP2_P129L,NS3_S26L,NSP14_P46L,Spike_L5F,Spike_P681R,NS7a_V82A,Spike_T19R,NS7a_T120I,N_D377Y,M_I82T,NSP6_V149A,Spike_D950N,NSP3_P822L,NSP13_P77L,NSP4_A446V,Spike_T478K,NSP12_P323L,Spike_D614G,Spike_L452R)
hCoV-19/India/GJ-ICMR-NIV-INSAGOG-GSEQ-3092/2021	EPI_ISL_1970486	2021-04-17	Asia / India / Gujarat	Human			Female	37	unknown		Original			B.1.617.2	G	(NSP4_D72N,NS7a_L116F,N_D63G,N_R203M,NSP12_G671S,Spike_G142D,NSP2_P129L,NS3_S26L,NSP14_P46L,Spike_P681R,NS7a_V82A,Spike_T19R,NS7a_T120I,N_D377Y,M_I82T,NSP6_V149A,Spike_D950N,NSP3_P822L,NSP13_P77L,NSP4_A446V,Spike_T478K,NSP12_P323L,Spike_D614G,Spike_L452R)
hCoV-19/India/GJ-ICMR-NIV-INSAGOG-GSEQ-3100/2021	EPI_ISL_1970488	2021-04-18	Asia / India / Gujarat	Human			Female	20	unknown		Original			B.1.617.2	G	(NS7a_L116F,N_D63G,N_R203M,NSP12_G671S,Spike_G142D,NSP2_P129L,NS3_S26L,NSP14_P46L,Spike_P681R,NS7a_V74F,NS7a_V82A,Spike_T19R,NS7a_T120I,N_D377Y,M_I82T,NSP6_V149A,Spike_D950N,NSP3_P822L,NSP13_P77L,NSP4_A446V,Spike_T478K,NSP12_P323L,Spike_D614G,Spike_L452R)
hCoV-19/India/GJ-ICMR-NIV-INSAGOG-GSEQ-3102/2021	EPI_ISL_1970489	2021-04-18	Asia / India / Gujarat	Human			Male	47	unknown		Original			B.1.617.2	G	(N_G215C,N_D63G,N_R203M,NSP12_G671S,Spike_G142D,NS3_S26L,Spike_P681R,N_R195T,NSP3_P1228L,NS7a_V82A,NSP3_A488S,NSP4_T492I,NSP14_A394V,Spike_T19R,NS7a_T120I,N_D377Y,M_I82T,Spike_D950N,NS7b_T40I,NSP13_P77L,NSP3_P1469S,Spike_T478K,NSP6_T77A,NSP12_P323L,Spike_D614G,NSP4_V167L,Spike_L452R)
hCoV-19/India/GJ-ICMR-NIV-INSAGOG-GSEQ-3104/2021	EPI_ISL_1970491	2021-04-19	Asia / India / Gujarat	Human			Male	35	unknown		Original			B.1.617.2	G	(NSP3_E1231D,N_D63G,N_R203M,NSP12_G671S,Spike_G142D,NSP6_T181I,NS3_S26L,Spike_P681R,NS7a_V82A,Spike_T19R,NS7a_T120I,Spike_A222V,N_D377Y,M_I82T,NSP6_V149A,Spike_D950N,NSP3_P822L,NSP13_P77L,NSP3_G175C,NSP4_A446V,Spike_T478K,NSP12_P323L,Spike_D614G,Spike_L452R,NS7a_R89I)
hCoV-19/India/GJ-ICMR-NIV-INSAGOG-GSEQ-3106/2021	EPI_ISL_1970492	2021-04-18	Asia / India / Gujarat	Human			Male	43	unknown		Original			B.1.617.2	G	(NS7a_L116F,N_D63G,N_R203M,NSP12_G671S,Spike_G142D,NSP2_P129L,NS3_S26L,NSP14_P46L,Spike_P681R,NS7a_V82A,Spike_T19R,NS7a_T120I,N_D377Y,M_I82T,NSP6_V149A,Spike_D950N,NSP3_P822L,NSP13_P77L,NSP4_A446V,Spike_T478K,NSP2_P568S,NSP12_P323L,Spike_D614G,Spike_L452R)
hCoV-19/India/GJ-ICMR-NIV-INSAGOG-GSEQ-3107/2021	EPI_ISL_1970493	2021-04-17	Asia / India / Gujarat	Human			Female	21	unknown		Original			B.1.617.2	G	(N_D63G,N_R203M,NSP12_G671S,Spike_G142D,NSP6_T181I,NS7a_E95stop,NS3_S26L,Spike_L5F,Spike_P681R,NS7a_V82A,Spike_T19R,NS7a_T120I,Spike_A222V,N_D377Y,M_I82T,NSP6_V149A,Spike_D950N,NSP3_P822L,NSP13_P77L,NSP4_A446V,Spike_T478K,NSP12_P323L,Spike_D614G,Spike_L452R)
hCoV-19/India/GJ-ICMR-NIV-INSAGOG-GSEQ-3108/2021	EPI_ISL_1970494	2021-04-18	Asia / India / Gujarat	Human			Female	36	unknown		Original			B.1.617.2	G	(NS7a_L116F,N_D63G,N_R203M,NSP2_R121Q,NSP12_G671S,NSP13_R392C,NSP3_A1179V,Spike_G142D,NSP2_P129L,NS3_S26L,NSP14_P46L,Spike_P681R,NS7a_V82A,Spike_T19R,NS7a_T120I,N_D377Y,M_I82T,NSP6_V149A,Spike_D950N,NSP3_P822L,NSP13_P77L,NSP4_A446V,Spike_T478K,NSP12_P323L,Spike_D614G,Spike_L452R)
hCoV-19/India/GJ-ICMR-NIV-INSAGOG-GSEQ-3109/2021	EPI_ISL_1970495	2021-04-19	Asia / India / Gujarat	Human			Male	24	unknown		Original			B.1.617.2	G	(N_D377Y,M_I82T,NSP6_V149A,NS7a_L116F,N_D63G,N_R203M,NSP3_P822L,NSP12_G671S,NSP13_P77L,Spike_G142D,NSP2_P129L,NS3_S26L,NSP4_A446V,NSP14_P46L,Spike_T478K,Spike_P681R,NSP12_P323L,Spike_D614G,Spike_L452R,NS7a_V82A,Spike_T19R,NS7a_T120I)
hCoV-19/India/GJ-ICMR-NIV-INSAGOG-GSEQ-3111/2021	EPI_ISL_1970496	2021-04-17	Asia / India / Gujarat	Human			Male	32	unknown		Original			B.1.617.2	G	(N_G215C,N_D63G,N_R203M,NSP12_G671S,Spike_G142D,NS3_S26L,Spike_P681R,NSP3_P1228L,NS7a_V82A,NSP3_A488S,NSP4_T492I,NSP14_A394V,Spike_T19R,NS7a_T120I,N_D377Y,M_I82T,Spike_D950N,NS7b_T40I,NSP13_P77L,NSP3_P1469S,Spike_T478K,NSP6_T77A,NSP12_P323L,Spike_D614G,Spike_L452R,NSP4_V167L,N_S33I)
hCoV-19/India/GJ-ICMR-NIV-INSAGOG-GSEQ-3115/2021	EPI_ISL_1970497	2021-04-18	Asia / India / Gujarat	Human			Male	61	unknown		Original			B.1.617.2	G	(NS7a_L116F,N_D63G,N_R203M,NSP12_G671S,Spike_G142D,NSP2_P129L,NS3_S26L,NSP14_P46L,Spike_P681R,NS7a_V74F,NS7a_V82A,Spike_T19R,NS7a_T120I,N_D377Y,M_I82T,NSP6_V149A,Spike_D950N,NSP3_P822L,NSP13_P77L,NSP4_A446V,Spike_T478K,NSP12_P323L,Spike_D614G,Spike_L452R)
hCoV-19/India/GJ-ICMR-NIV-INSAGOG-GSEQ-3118/2021	EPI_ISL_1970499	2021-04-18	Asia / India / Gujarat	Human			Female	53	unknown		Original			B.1.617.2	G	(N_D377Y,M_I82T,NSP6_V149A,N_R203M,NSP3_P822L,NSP12_G671S,NSP13_P77L,Spike_G142D,NSP6_T181I,NS3_S26L,NSP4_A446V,Spike_T478K,Spike_P681R,NSP12_P323L,Spike_D614G,Spike_L452R,NS7a_V82A,Spike_T19R,NS7a_T120I,Spike_A222V)
hCoV-19/India/GJ-ICMR-NIV-INSAGOG-GSEQ-3121/2021	EPI_ISL_1970500	2021-04-21	Asia / India / Gujarat	Human			Female	23	unknown		Original			B.1.617.2	G	(N_D63G,N_R203M,NSP12_G671S,Spike_G142D,NSP6_T181I,NS3_S26L,Spike_P681R,NS7a_E16stop,NS7a_V82A,Spike_T19R,NS7a_T120I,Spike_A222V,N_D377Y,M_I82T,NSP6_V149A,Spike_D950N,NSP3_P822L,NSP13_P77L,NSP4_A446V,Spike_T478K,Spike_T124A,NSP12_P323L,Spike_D614G,Spike_L452R)
hCoV-19/India/GJ-ICMR-NIV-INSAGOG-GSEQ-3126/2021	EPI_ISL_1970501	2021-04-18	Asia / India / Gujarat	Human			Female	77	unknown		Original			B.1.617.2	G	(NS7a_L116F,N_D63G,N_R203M,NSP12_G671S,Spike_G142D,NSP2_P129L,NSP15_Q19H,NS3_S26L,NSP14_P46L,Spike_P681R,NS7a_V82A,Spike_T19R,NS7a_T120I,NSP12_P227L,N_D377Y,M_I82T,NSP6_V149A,Spike_D950N,NSP3_P822L,NSP13_P77L,NSP4_A446V,NSP3_A813V,Spike_T478K,NSP12_P323L,Spike_D614G,Spike_L452R)
hCoV-19/India/GJ-ICMR-NIV-INSAGOG-GSEQ-3127/2021	EPI_ISL_1970502	2021-04-18	Asia / India / Gujarat	Human			Female	53	unknown		Original			B.1.617.2	G	(NS7a_L116F,N_D63G,N_R203M,NSP12_G671S,NSP2_T223I,Spike_G142D,NSP2_P129L,NS3_S26L,NSP14_P46L,Spike_P681R,NS7a_V82A,Spike_T19R,NS7a_T120I,N_D377Y,M_I82T,NSP6_V149A,Spike_D950N,NSP3_P822L,NSP13_P77L,NSP4_A446V,Spike_T478K,NSP12_P323L,Spike_D614G,Spike_L452R)
hCoV-19/India/GJ-ICMR-NIV-INSAGOG-GSEQ-3130/2021	EPI_ISL_1970503	2021-04-18	Asia / India / Gujarat	Human			Female	35	unknown		Original			B.1.617.2	G	(N_G215C,N_D63G,N_R203M,NSP12_G671S,Spike_G142D,NS3_S26L,Spike_P681R,NSP3_P1228L,NS7a_V82A,NSP3_A488S,NSP4_T492I,NSP14_A394V,Spike_T19R,NS7a_T120I,N_D377Y,M_I82T,Spike_D950N,NS7b_T40I,NSP12_M601I,NSP13_P77L,NSP3_P1469S,Spike_T478K,NSP6_T77A,NSP12_P323L,Spike_D614G,NSP4_V167L,Spike_L452R)
hCoV-19/India/GJ-ICMR-NIV-INSAGOG-GSEQ-3133/2021	EPI_ISL_1970504	2021-04-19	Asia / India / Gujarat	Human			Male	21	unknown		Original			B.1.617.2	G	(NS7a_L116F,N_D63G,N_R203M,NSP12_G671S,Spike_G142D,NSP2_P129L,NS3_S26L,NSP14_P46L,Spike_P681R,NS7a_V82A,Spike_T19R,NS7a_T120I,N_D377Y,M_I82T,N_Q7K,NSP6_V149A,Spike_D950N,NSP3_P822L,NSP13_P77L,NSP4_A446V,Spike_T478K,NSP12_P323L,Spike_D614G,Spike_L452R)
hCoV-19/India/GJ-ICMR-NIV-INSAGOG-GSEQ-3134/2021	EPI_ISL_1970505	2021-04-18	Asia / India / Gujarat	Human			Male	27	unknown		Original			B.1.617.2	G	(N_G215C,N_D63G,N_R203M,NSP12_G671S,Spike_G142D,NS3_S26L,Spike_P681R,NSP3_P1228L,NS7a_V82A,NSP3_A488S,NSP4_T492I,NSP14_A394V,Spike_T19R,NS7a_T120I,N_D377Y,M_I82T,Spike_D950N,NS7b_T40I,NSP12_M601I,NSP13_P77L,NSP3_P1469S,Spike_T478K,NSP6_T77A,NSP12_P323L,Spike_D614G,NSP4_V167L,Spike_L452R)
hCoV-19/India/GJ-ICMR-NIV-INSAGOG-GSEQ-3136/2021	EPI_ISL_1970506	2021-04-19	Asia / India / Gujarat	Human			Female	33	unknown		Original			B.1.617.2	G	(NS7a_L116F,N_D63G,N_R203M,NSP12_G671S,Spike_G142D,NSP2_P129L,NS3_S26L,NSP14_P46L,Spike_P681R,NS7a_V82A,Spike_T19R,NS7a_T120I,NSP12_P227L,N_D377Y,M_I82T,NSP6_V149A,Spike_D950N,NSP3_P822L,NSP13_P77L,NSP4_A446V,Spike_T478K,NSP1_G49C,NSP12_P323L,NSP2_P13S,Spike_D614G,Spike_L452R)
hCoV-19/India/GJ-ICMR-NIV-INSAGOG-GSEQ-3205/2021	EPI_ISL_1970508	2021-04-24	Asia / India / Gujarat	Human			Male	54	unknown		Original			B.1.617.2	G	(N_D377Y,M_I82T,NSP6_V149A,N_D63G,Spike_D950N,N_R203M,NSP3_P822L,NSP12_G671S,NSP13_P77L,Spike_G142D,NSP6_T181I,NS3_S26L,NSP4_A446V,Spike_T478K,Spike_P681R,NSP12_P323L,NSP2_L140I,Spike_D614G,Spike_L452R,NS7a_V82A,Spike_T19R,NS7a_T120I,Spike_A222V)
hCoV-19/India/GJ-ICMR-NIV-INSAGOG-GSEQ-3207/2021	EPI_ISL_1970509	2021-04-24	Asia / India / Gujarat	Human			Male	23	unknown		Original			B.1.617.2	G	(N_D63G,N_R203M,NSP12_G671S,Spike_G142D,NSP6_T181I,NS8_Y46H,NS3_S26L,Spike_P681R,NS7a_V82A,Spike_T19R,NS7a_T120I,Spike_A222V,N_D377Y,M_I82T,NSP6_V149A,Spike_D950N,NSP15_A92V,NSP7_L41V,NSP3_P822L,NSP13_P77L,NSP4_A446V,Spike_T478K,NSP12_P323L,Spike_D614G,Spike_L452R)
hCoV-19/India/GJ-ICMR-NIV-INSAGOG-GSEQ-3209/2021	EPI_ISL_1970510	2021-04-24	Asia / India / Gujarat	Human			Female	39	unknown		Original			B.1.617.2	G	(N_D377Y,M_I82T,NSP6_V149A,N_D63G,N_R203M,NSP3_P822L,NSP12_G671S,NSP13_P77L,Spike_G142D,NS3_S26L,NSP4_A446V,Spike_T478K,Spike_P681R,NSP12_P323L,Spike_D614G,Spike_L452R,NS7a_V82A,Spike_T19R,NS7a_T120I,Spike_A222V)
hCoV-19/India/GJ-ICMR-NIV-INSAGOG-GSEQ-3210/2021	EPI_ISL_1970511	2021-04-25	Asia / India / Gujarat	Human			Male	29	unknown		Original			B.1.617.2	G	(N_D377Y,M_I82T,NSP6_V149A,N_D63G,Spike_D950N,N_R203M,NSP3_P822L,NSP12_G671S,NSP13_P77L,Spike_G142D,NSP6_T181I,NS3_S26L,NSP4_A446V,Spike_T478K,Spike_P681R,NSP12_P323L,Spike_D614G,Spike_L452R,NS7a_V82A,Spike_T19R,NS7a_T120I,Spike_A222V)
hCoV-19/India/GJ-ICMR-NIV-INSAGOG-GSEQ-3212/2021	EPI_ISL_1970512	2021-04-25	Asia / India / Gujarat	Human			Female	30	unknown		Original			B.1.617.2	G	(NSP6_Y234H,N_D63G,N_R203M,NSP12_G671S,Spike_G142D,NSP6_T181I,Spike_G75R,NS3_S26L,Spike_L5F,Spike_P681R,NS7a_V82A,NS3_F43S,Spike_T19R,NS7a_T120I,Spike_A222V,N_D377Y,M_I82T,NSP6_V149A,Spike_D950N,NSP3_P822L,NSP13_P77L,NSP4_A446V,Spike_T478K,NSP12_P323L,Spike_D614G,Spike_L452R,NSP13_V226L)
hCoV-19/India/GJ-GBRC575a/2021	EPI_ISL_2001139	2021-03-22	Asia / India / Gujarat / Gandhinagar	Human			Male	60	Alive		Original			B.1.617.2	G	(NS7a_L116F,N_D63G,N_R203M,NSP12_G671S,Spike_G142D,NSP2_P129L,NS3_S26L,NSP14_P46L,Spike_P681R,Spike_R158del,NS7a_V82A,Spike_F157del,Spike_T19R,NS7a_T120I,N_D377Y,M_I82T,NSP6_V149A,Spike_D950N,NSP3_P822L,NSP13_P77L,Spike_E156G,NSP4_A446V,Spike_T478K,NSP12_P323L,Spike_D614G,Spike_V1104L,Spike_L452R)
hCoV-19/India/GJ-GBRC577a/2021	EPI_ISL_2001143	2021-03-22	Asia / India / Gujarat / Gandhinagar	Human			Male	43	Alive		Original			B.1.617.2	G	(NS7a_L116F,N_D63G,N_R203M,NSP12_G671S,Spike_G142D,NSP2_P129L,NS3_S26L,NSP14_P46L,Spike_P681R,Spike_R158del,NS7a_V82A,Spike_F157del,Spike_T19R,NS7a_T120I,N_D377Y,M_I82T,NSP6_V149A,Spike_D950N,NSP3_P822L,NSP13_P77L,Spike_E156G,NSP4_A446V,Spike_T478K,NSP12_P323L,Spike_D614G,Spike_L452R,NS3_A59S)
hCoV-19/India/GJ-GBRC577b/2021	EPI_ISL_2001144	2021-03-22	Asia / India / Gujarat / Gandhinagar	Human			Male	43	Alive		Original			B.1.617.2	G	(N_D377Y,M_I82T,NSP6_V149A,NS7a_L116F,N_D63G,N_R203M,NSP3_P822L,NSP12_G671S,NSP13_P77L,Spike_E156G,Spike_G142D,NSP2_P129L,NSP4_A446V,NSP14_P46L,Spike_T478K,Spike_R158del,NSP12_P323L,Spike_D614G,Spike_L452R,NS7a_V82A,Spike_F157del,NS3_A59S)
hCoV-19/India/GJ-GBRC625a/2021	EPI_ISL_2001185	2021-04-02	Asia / India / Gujarat / Vadodara	Human			Male	32	Deceased		Original			B.1.617.2	G	(N_D63G,N_R203M,NSP12_G671S,Spike_G142D,NSP6_T181I,NS3_S26L,Spike_P681R,Spike_R158del,NSP3_H290Y,NSP4_K86R,NS7a_V82A,Spike_F157del,Spike_T19R,NS7a_T120I,Spike_A222V,N_D377Y,M_I82T,NSP6_V149A,N_T366I,Spike_D950N,NSP3_P822L,NSP13_P77L,Spike_E156G,NSP4_A446V,Spike_T478K,NSP12_P323L,Spike_D614G,Spike_L452R,Spike_A831V)
hCoV-19/India/GJ-GBRC626a/2021	EPI_ISL_2001187	2021-03-30	Asia / India / Gujarat / Navsari	Human			Female	53	Alive		Original			B.1.617.2	G	(N_D63G,N_R203M,NSP12_G671S,Spike_G142D,NSP6_T181I,NS3_S26L,Spike_P681R,Spike_R158del,NS7a_V82A,Spike_F157del,Spike_T19R,NS7a_T120I,Spike_A222V,N_D377Y,M_I82T,NSP6_V149A,Spike_D950N,NSP3_P822L,NSP13_P77L,Spike_E156G,NSP4_A446V,Spike_T478K,NSP12_P323L,Spike_D614G,Spike_L452R)
hCoV-19/India/GJ-GBRC627a/2021	EPI_ISL_2001189	2021-03-30	Asia / India / Gujarat / Tapi	Human			Male	32	unknown		Original			B.1.617.2	G	(N_D63G,N_R203M,NSP12_G671S,Spike_V483F,Spike_G142D,NSP6_T181I,NS3_S26L,Spike_P681R,Spike_R158del,NS7a_V82A,Spike_F157del,Spike_T19R,NS7a_T120I,Spike_A222V,N_D377Y,M_I82T,NSP6_V149A,Spike_D950N,NSP3_P822L,NSP13_P77L,Spike_E156G,NSP4_A446V,Spike_T478K,NSP12_P323L,Spike_D614G,Spike_L452R,NSP14_Q354H)
hCoV-19/India/GJ-GBRC628a/2021	EPI_ISL_2001191	2021-03-31	Asia / India / Gujarat / Surat	Human			Male	37	unknown		Original			B.1.617.2	G	(N_D63G,N_R203M,NSP12_G671S,Spike_G142D,NSP6_T181I,NS3_S26L,Spike_P681R,Spike_R158del,NS7a_V82A,Spike_F157del,Spike_T19R,NS7a_T120I,Spike_A222V,N_D377Y,M_I82T,NSP6_V149A,Spike_D950N,NSP3_P822L,NSP13_P77L,Spike_E156G,Spike_L849I,NSP4_A446V,Spike_T478K,NSP12_P323L,Spike_D614G,Spike_L452R)
hCoV-19/India/GJ-GBRC629a/2021	EPI_ISL_2001193	2021-03-31	Asia / India / Gujarat / Surat	Human			Female	49	unknown		Original			B.1.617.2	G	(N_G215C,N_D63G,N_R203M,NSP12_G671S,Spike_G142D,NS3_S26L,Spike_P681R,Spike_R158del,NSP3_P1228L,NS7a_V82A,NSP3_A488S,Spike_F157del,NSP4_T492I,NSP14_A394V,Spike_T19R,NS7a_T120I,N_D377Y,M_I82T,Spike_D950N,NS7b_T40I,NSP13_P77L,Spike_E156G,NSP3_P1469S,Spike_T478K,NSP6_T77A,NS3_E239Q,NSP12_P323L,Spike_D614G,NSP4_V167L,Spike_L452R)
hCoV-19/India/GJ-GBRC630a/2021	EPI_ISL_2001195	2021-04-01	Asia / India / Gujarat / Tapi	Human			Male	53	unknown		Original			B.1.617.2	G	(N_D63G,N_R203M,NSP12_G671S,Spike_G142D,NSP6_T181I,NS3_S26L,Spike_P681R,Spike_R158del,NS7a_V82A,Spike_F157del,Spike_T19R,NS7a_T120I,Spike_A222V,N_D377Y,M_I82T,NSP6_V149A,Spike_D950N,NSP3_P822L,NSP13_P77L,Spike_E156G,NSP4_A446V,Spike_T478K,NSP12_P323L,Spike_D614G,Spike_L452R,NSP14_Q354H)
hCoV-19/India/GJ-GBRC633a/2021	EPI_ISL_2001201	2021-04-03	Asia / India / Gujarat / Tapi	Human			Male	29	unknown		Original			B.1.617.2	G	(N_D63G,N_R203M,NSP12_G671S,Spike_G142D,NSP6_T181I,NS3_S26L,Spike_P681R,Spike_R158del,NS7a_V82A,Spike_F157del,Spike_T19R,NS7a_T120I,Spike_A222V,N_D377Y,M_I82T,NSP6_V149A,Spike_D950N,NSP3_P822L,NSP13_P77L,Spike_E156G,NSP4_A446V,Spike_T478K,NSP12_Y521H,NSP12_P323L,Spike_D614G,Spike_L452R)
hCoV-19/India/GJ-GBRC638a/2021	EPI_ISL_2001211	2021-03-27	Asia / India / Gujarat / Surat	Human			Male	32	Alive		Original			B.1.617.2	G	(N_A359S,N_D63G,N_R203M,NSP12_G671S,Spike_G142D,NSP6_T181I,NS3_S26L,Spike_P681R,Spike_R158del,NS7a_V82A,Spike_F157del,Spike_T19R,NS7a_T120I,Spike_A222V,N_D377Y,M_I82T,NSP6_V149A,Spike_D950N,NSP3_P822L,NSP13_P77L,Spike_E156G,NSP4_A446V,Spike_T478K,NSP12_P323L,Spike_D614G,Spike_L452R)
hCoV-19/India/GJ-GBRC641/2021	EPI_ISL_2017728	2021-03-28	Asia / India / Gujarat / Surat	Human			Male	21	Alive		Original			B.1.617.2	G	(NSP3_A1711V,N_D63G,N_R203M,NSP12_G671S,NSP4_M324I,Spike_G142D,NSP6_T181I,NS3_S26L,Spike_P681R,Spike_R158del,NS7a_V82A,Spike_F157del,Spike_T19R,NS7a_T120I,Spike_A222V,N_D377Y,M_I82T,NSP6_V149A,Spike_D950N,NSP3_P822L,NSP13_P77L,Spike_E156G,NSP4_A446V,Spike_T478K,NSP12_P323L,Spike_D614G,NSP6_L37F,Spike_L452R)
hCoV-19/India/GJ-GBRC643/2021	EPI_ISL_2017731	2021-03-28	Asia / India / Gujarat / Surat	Human			Male	30	Alive		Original			B.1.617.2	G	(N_D63G,N_R203M,NSP12_G671S,Spike_G142D,NSP4_A380V,Spike_R21T,NSP6_T181I,NS3_S26L,Spike_P681R,Spike_R158del,NS7a_V82A,Spike_F157del,Spike_T19R,NS7a_T120I,Spike_A222V,N_D377Y,M_I82T,NSP6_V149A,Spike_D950N,NSP3_P822L,NSP13_P77L,Spike_E156G,NSP4_A446V,Spike_T478K,NSP13_A267V,NSP12_P323L,Spike_D614G,Spike_L452R)
hCoV-19/India/GJ-GBRC645a/2021	EPI_ISL_2017734	2021-03-29	Asia / India / Gujarat / Surat	Human			Female	22	Alive		Original			B.1.617.2	G	(N_D63G,N_R203M,NSP12_G671S,Spike_G142D,NSP6_T181I,NS3_S26L,Spike_P681R,Spike_R158del,NS8_E106stop,Spike_F157del,Spike_T19R,NS7a_T120I,N_D377Y,M_I82T,NSP6_V149A,Spike_D950N,NSP3_P822L,NSP13_P77L,Spike_E156G,NSP4_A446V,NS7a_Q76H,Spike_T478K,Spike_V1033A,NSP12_P323L,Spike_D614G,Spike_L452R)
hCoV-19/India/GJ-GBRC645b/2021	EPI_ISL_2017735	2021-03-29	Asia / India / Gujarat / Surat	Human			Female	22	Alive		Original			B.1.617.2	G	(N_D63G,N_R203M,NSP12_G671S,NSP6_T181I,NS3_S26L,Spike_P681R,Spike_R158del,NS8_E106stop,NS8_S69P,NS7a_V82A,Spike_F157del,Spike_T19R,NS7a_T120I,Spike_A222V,N_D377Y,M_I82T,NSP6_V149A,Spike_D950N,NSP3_P822L,NSP13_P77L,Spike_E156G,NSP4_A446V,Spike_T478K,Spike_V1033A,NSP12_P323L,Spike_D614G,Spike_L452R)
hCoV-19/India/GJ-GBRC649a/2021	EPI_ISL_2017740	2021-04-01	Asia / India / Gujarat / Surat	Human			Male	27	unknown		Original			B.1.617.2	G	(N_D63G,N_R203M,NSP12_G671S,Spike_G142D,NSP6_T181I,NS3_S26L,Spike_P681R,Spike_R158del,NS7a_V82A,Spike_F157del,Spike_T19R,NS7a_T120I,N_D377Y,M_I82T,NSP6_V149A,NSP3_P822L,NSP13_P77L,Spike_E156G,NSP4_A446V,NSP12_M463I,Spike_T478K,NSP12_P323L,Spike_D614G,Spike_L452R,NSP16_T140I)
hCoV-19/India/GJ-GBRC658a/2021	EPI_ISL_2017757	2021-04-07	Asia / India / Gujarat / Vadodara	Human			Male	76	Demise		Original			B.1.617.2	G	(N_D63G,N_R203M,NSP12_G671S,NS3_S26L,Spike_P681R,Spike_R158del,NS3_T223I,NS7a_V82A,NSP3_A488S,Spike_F157del,NSP4_T492I,NS7a_T120I,N_D377Y,M_I82T,NS7b_T40I,NSP13_P77L,Spike_Q23R,Spike_E156G,NSP3_P1469S,NSP13_P53S,Spike_T478K,NSP6_T77A,NSP12_P323L,Spike_D614G,Spike_L452R)
hCoV-19/India/GJ-GBRC660a/2021	EPI_ISL_2017761	2021-04-14	Asia / India / Gujarat / Ahmedabad	Human			Male	36	Alive		Original			B.1.617.2	G	(N_D63G,N_R203M,NSP12_G671S,Spike_G142D,NSP6_T181I,NS3_S26L,Spike_P681R,Spike_R158del,NSP12_D153Y,NS7a_V82A,Spike_F157del,Spike_T19R,NS7a_T120I,N_D377Y,M_I82T,NSP6_V149A,Spike_D950N,NSP3_P822L,NSP13_P77L,Spike_E156G,NSP3_T725I,NS3_W45L,NSP4_A446V,Spike_T478K,NSP12_P323L,Spike_D614G,Spike_L452R)
hCoV-19/India/GJ-GBRC660b/2021	EPI_ISL_2017762	2021-04-14	Asia / India / Gujarat / Ahmedabad	Human			Male	36	Alive		Original			B.1.617.2	G	(N_D63G,N_R203M,NSP12_G671S,Spike_G142D,NS3_S26L,Spike_P681R,Spike_R158del,NS7a_V82A,Spike_F157del,Spike_T19R,NS7a_T120I,N_D377Y,M_I82T,NSP6_V149A,Spike_D950N,NSP3_P822L,NSP13_P77L,Spike_E156G,NSP4_A446V,Spike_T478K,NSP12_P323L,Spike_D614G,Spike_L452R)
hCoV-19/India/GJ-GBRC661a/2021	EPI_ISL_2017763	2021-04-02	Asia / India / Gujarat / Surat	Human			Male	39	unknown		Original			B.1.617.2	G	(N_D63G,N_R203M,NSP12_G671S,Spike_G142D,NS3_S26L,Spike_P681R,Spike_R158del,NS7a_V82A,Spike_F157del,Spike_T19R,NS7a_T120I,N_D377Y,M_I82T,NSP6_V149A,Spike_D950N,NSP3_P822L,NSP13_P77L,Spike_E156G,NSP4_A446V,NS7a_Q76H,Spike_T478K,NSP12_P323L,Spike_D614G,Spike_L452R)
hCoV-19/India/GJ-GBRC661b/2021	EPI_ISL_2017764	2021-04-02	Asia / India / Gujarat / Surat	Human			Male	39	unknown		Original			B.1.617.2	G	(M_I82T,NSP6_V149A,N_D63G,Spike_D950N,N_R203M,NSP12_G671S,NSP13_P77L,Spike_E156G,NS3_S26L,NSP4_A446V,NS7a_Q76H,Spike_T478K,Spike_P681R,Spike_R158del,NSP12_P323L,Spike_D614G,Spike_L452R,NS7a_V82A,Spike_F157del,Spike_T19R,NS7a_T120I)
hCoV-19/India/GJ-GBRC662/2021	EPI_ISL_2017765	2021-04-19	Asia / India / Gujarat / Ahmedabad	Human			Female	48	Demised patient		Original			B.1.617.2	G	(N_D63G,N_R203M,NSP12_G671S,Spike_G142D,NSP6_T181I,NS3_S26L,Spike_P681R,Spike_R158del,NS7a_V82A,Spike_F157del,Spike_T19R,NS7a_T120I,Spike_A222V,N_D377Y,M_I82T,NSP6_V149A,Spike_D950N,NSP3_P822L,NSP13_P77L,Spike_E156G,NSP4_A446V,Spike_T478K,Spike_H1159R,N_Q389L,NSP12_P323L,Spike_D614G,Spike_L452R,Spike_V1176F)
hCoV-19/India/GJ-GBRC663/2021	EPI_ISL_2017766	2021-04-20	Asia / India / Gujarat / Ahmedabad	Human			Male	65	Demised patient		Original			B.1.617.2	G	(NS7a_L116F,N_D63G,N_R203M,NSP12_G671S,Spike_G142D,NSP2_P129L,NS3_S26L,NSP14_P46L,Spike_P681R,NSP6_V24F,Spike_R158del,Spike_V635A,NS7a_V82A,Spike_F157del,Spike_T19R,NS7a_T120I,N_D377Y,M_I82T,NSP6_V149A,Spike_D950N,NSP3_P822L,NSP13_P77L,Spike_E156G,NSP4_A446V,Spike_T478K,NSP12_P323L,Spike_D614G,Spike_L452R)
hCoV-19/India/GJ-GBRC664/2021	EPI_ISL_2017767	2021-04-19	Asia / India / Gujarat / Ahmedabad	Human			Male	61	Demised patient (Vaccinated first dose)		Original			B.1.617.2	G	(N_D63G,N_R203M,NSP12_G671S,Spike_G142D,NSP6_T181I,NS3_S26L,Spike_P681R,Spike_R158del,NS7a_V82A,Spike_F157del,Spike_T19R,NS7a_T120I,Spike_A222V,N_D377Y,M_I82T,NSP6_V149A,Spike_D950N,NSP3_P822L,NSP13_P77L,Spike_E156G,NSP4_A446V,Spike_T478K,NSP12_P323L,Spike_D614G,Spike_L452R)
hCoV-19/India/GJ-GBRC665/2021	EPI_ISL_2017768	2021-04-20	Asia / India / Gujarat / Ahmedabad	Human			Male	27	Demised patient		Original			B.1.617.2	G	(N_D63G,N_R203M,NSP12_G671S,Spike_G142D,NSP6_T181I,NS3_S26L,Spike_P681R,Spike_R158del,N_Q384H,NS7a_V82A,Spike_F157del,Spike_T19R,NS7a_T120I,Spike_A222V,N_D377Y,M_I82T,NSP6_V149A,Spike_D950N,NSP3_P822L,NSP13_P77L,Spike_E156G,NSP4_A446V,Spike_T478K,NSP12_P323L,Spike_D614G,Spike_L452R)
hCoV-19/India/GJ-GBRC666a/2021	EPI_ISL_2017769	2021-04-20	Asia / India / Gujarat / Ahmedabad	Human			Female	58	Demised patient		Original			B.1.617.2	G	(NS7a_L116F,N_D63G,N_R203M,NSP12_G671S,Spike_G142D,NSP2_P129L,NS3_S26L,NSP14_P46L,Spike_P681R,Spike_R158del,NS7a_V82A,Spike_F157del,Spike_T19R,NS7a_T120I,N_D377Y,M_I82T,NSP6_V149A,Spike_D950N,NSP3_P822L,NSP13_P77L,Spike_E156G,NSP4_A446V,Spike_T478K,NSP12_P323L,Spike_D614G,Spike_L452R)
hCoV-19/India/GJ-GBRC666b/2021	EPI_ISL_2017770	2021-04-20	Asia / India / Gujarat / Ahmedabad	Human			Female	58	Demised patient		Original			B.1.617.2	G	(N_G215C,NS7a_L116F,N_D63G,N_R203M,NSP12_G671S,Spike_G142D,NSP2_P129L,NS3_S26L,NSP14_P46L,Spike_P681R,Spike_R158del,NS7a_V82A,Spike_F157del,Spike_T19R,NS7a_T120I,N_D377Y,M_I82T,NSP6_V149A,Spike_D950N,N_G214C,NSP3_P822L,NSP13_P77L,Spike_E156G,NSP4_A446V,Spike_T478K,NSP12_P323L,Spike_D614G,Spike_L452R)
hCoV-19/India/GJ-GBRC667/2021	EPI_ISL_2017771	2021-04-20	Asia / India / Gujarat / Ahmedabad	Human			Male	59	Demised patient		Original			B.1.617.2	G	(N_G215C,N_D63G,N_R203M,NSP12_G671S,Spike_G142D,NS3_S26L,Spike_P681R,Spike_R158del,NSP3_P1228L,NSP14_M153I,NS7a_V82A,NSP3_A488S,Spike_F157del,NSP4_T492I,NSP14_A394V,Spike_T19R,NS7a_T120I,N_D377Y,M_I82T,Spike_D950N,NS7b_T40I,NSP13_P77L,Spike_E156G,NSP3_P1469S,Spike_T478K,NSP6_T77A,NSP12_P323L,Spike_D614G,Spike_L452R,NSP4_V167L)
hCoV-19/India/GJ-GBRC668/2021	EPI_ISL_2017772	2021-04-20	Asia / India / Gujarat / Ahmedabad	Human			Male	55	Demised patient		Original			B.1.617.2	G	(NS7a_L116F,N_D63G,N_R203M,NSP12_G671S,Spike_G142D,NSP2_P129L,NS3_S26L,NSP14_P46L,Spike_P681R,Spike_R158del,NS7a_V82A,Spike_F157del,Spike_T19R,NS7a_T120I,N_D377Y,M_I82T,NSP6_V149A,Spike_D950N,NSP3_P822L,NSP13_P77L,Spike_E156G,NSP4_A446V,NSP3_V1243F,Spike_T478K,NSP12_P323L,Spike_D614G,Spike_L452R)
hCoV-19/India/GJ-GBRC670/2021	EPI_ISL_2017774	2021-04-20	Asia / India / Gujarat / Ahmedabad	Human			Male	60	Demised patient		Original			B.1.617.2	G	(NS7a_L116F,N_D63G,N_R203M,NSP12_G671S,Spike_G142D,NSP2_P129L,NS3_S26L,NSP14_P46L,Spike_P681R,Spike_R158del,NS7a_V82A,Spike_F157del,Spike_T19R,NS7a_T120I,NSP12_P227L,N_D377Y,M_I82T,NSP6_V149A,Spike_D950N,NSP3_P822L,NSP13_P77L,Spike_E156G,NSP4_A446V,Spike_T478K,NSP12_P323L,Spike_D614G,Spike_L452R)
hCoV-19/India/GJ-GBRC671/2021	EPI_ISL_2017775	2021-04-21	Asia / India / Gujarat / Ahmedabad	Human			Female	67	Demised patient (Vaccinated first dose)		Original			B.1.617.2	G	(NS7a_L116F,N_D63G,N_R203M,NSP12_G671S,Spike_G142D,NSP2_P129L,NS3_S26L,NSP14_P46L,Spike_P681R,Spike_R158del,NS7a_V82A,Spike_F157del,Spike_T19R,NS7a_T120I,N_D377Y,M_I82T,NSP6_V149A,Spike_D950N,NSP3_P822L,NSP13_P77L,Spike_E156G,E_V49L,NSP4_A446V,Spike_T478K,NSP12_P323L,Spike_D614G,Spike_L452R)
hCoV-19/India/GJ-GBRC672a/2021	EPI_ISL_2017776	2021-04-18	Asia / India / Gujarat / Ahmedabad	Human			Female	65	Demised patient		Original			B.1.617.2	G	(N_G215C,N_D63G,N_R203M,NSP12_G671S,Spike_G142D,NS3_S26L,Spike_P681R,Spike_R158del,NSP3_P1228L,NS7a_V82A,NSP3_A488S,Spike_F157del,NSP4_T492I,NSP14_A394V,Spike_T19R,NS7a_T120I,N_D377Y,M_I82T,Spike_D950N,NS7b_T40I,NSP13_P77L,Spike_E156G,NSP3_P1469S,Spike_T478K,NSP6_T77A,NSP12_P323L,Spike_D614G,NSP4_V167L,Spike_L452R)
hCoV-19/India/GJ-GBRC672b/2021	EPI_ISL_2017777	2021-04-18	Asia / India / Gujarat / Ahmedabad	Human			Female	65	Demised patient		Original			B.1.617.2	G	(N_D63G,N_R203M,NSP12_G671S,Spike_G142D,NS3_S26L,Spike_P681R,Spike_R158del,NSP3_P1228L,NS7a_V82A,NSP3_A488S,Spike_F157del,NSP4_T492I,NSP14_A394V,Spike_T19R,NS7a_T120I,N_D377Y,M_I82T,Spike_D950N,NS7b_T40I,NSP13_P77L,Spike_E156G,NSP3_P1469S,Spike_T478K,NSP6_T77A,NSP12_P323L,Spike_D614G,NSP4_V167L,Spike_L452R)
hCoV-19/India/GJ-GBRC673/2021	EPI_ISL_2017778	2021-04-19	Asia / India / Gujarat / Ahmedabad	Human			Male	55	Demised patient		Original			B.1.617.2	G	(NS7a_L116F,N_D63G,N_R203M,NSP12_G671S,Spike_G142D,NSP2_P129L,NS3_S26L,NSP14_P46L,Spike_P681R,Spike_R158del,NS7a_V82A,Spike_F157del,Spike_T19R,NS7a_T120I,N_D377Y,M_I82T,NSP6_V149A,Spike_D950N,NSP3_P822L,NSP13_P77L,Spike_E156G,NSP4_A446V,Spike_T478K,NSP12_P323L,Spike_D614G,Spike_L452R)
hCoV-19/India/GJ-GBRC674a/2021	EPI_ISL_2017779	2021-04-21	Asia / India / Gujarat / Ahmedabad	Human			Female	57	Demised patient		Original			B.1.617.2	G	(NS7a_L116F,N_D63G,N_R203M,NSP12_G671S,Spike_G142D,NSP2_P129L,NS3_S26L,NSP14_P46L,Spike_P681R,Spike_R158del,NS7a_V82A,Spike_F157del,Spike_T19R,NS7a_T120I,N_D377Y,M_I82T,NSP6_V149A,Spike_D950N,NSP3_P822L,NSP13_P77L,Spike_E156G,NSP4_A446V,Spike_T478K,NSP12_P323L,Spike_D614G,Spike_L452R)
hCoV-19/India/GJ-GBRC674b/2021	EPI_ISL_2017780	2021-04-21	Asia / India / Gujarat / Ahmedabad	Human			Female	57	Demised patient		Original			B.1.617.2	G	(N_D377Y,M_I82T,NSP6_V149A,N_D63G,Spike_D950N,N_R203M,NSP3_P822L,NSP13_P77L,Spike_E156G,Spike_G142D,NSP6_T181I,NS3_S26L,NSP4_A446V,Spike_T478K,Spike_R158del,NSP12_P323L,Spike_D614G,Spike_L452R,NS7a_V82A,Spike_F157del,NS7a_T120I)
hCoV-19/India/GJ-GBRC675a/2021	EPI_ISL_2017781	2021-04-21	Asia / India / Gujarat / Ahmedabad	Human			Male	76	Demised patient (Vaccinated first dose)		Original			B.1.617.2	G	(N_D63G,N_R203M,NSP12_G671S,Spike_G142D,Spike_R21T,NSP6_T181I,NS3_S26L,Spike_P681R,Spike_R158del,Spike_N501Y,NS7a_V82A,Spike_F157del,Spike_T19R,NS7a_T120I,Spike_A222V,N_D377Y,M_I82T,NSP6_V149A,NSP3_P822L,NSP13_P77L,Spike_E156G,NSP4_A446V,Spike_T478K,NSP12_P323L,Spike_D614G,Spike_L452R)
hCoV-19/India/GJ-GBRC677/2021	EPI_ISL_2017783	2021-04-22	Asia / India / Gujarat / Ahmedabad	Human			Male	65	Demised patient		Original			B.1.617.2	G	(N_G215C,N_D63G,N_R203M,NSP12_G671S,Spike_G142D,NS3_S26L,Spike_P681R,Spike_R158del,NSP3_P1228L,NSP14_D496G,NS7a_V82A,NSP3_A488S,Spike_F157del,NSP4_T492I,NSP14_A394V,Spike_T19R,NS7a_T120I,N_D377Y,M_I82T,Spike_D950N,NS7b_T40I,NSP12_M601I,NSP13_P77L,Spike_E156G,NSP3_P1469S,Spike_T478K,NSP6_T77A,NSP12_P323L,Spike_D614G,NSP4_V167L,Spike_L452R)
hCoV-19/India/GJ-GBRC678a/2021	EPI_ISL_2017784	2021-04-22	Asia / India / Gujarat / Ahmedabad	Human			Female	62	Demised patient		Original			B.1.617.2	G	(NS7a_L116F,N_D63G,N_R203M,NSP12_G671S,Spike_G142D,NSP2_P129L,NS3_S26L,NSP14_P46L,Spike_P681R,Spike_R158del,NS7a_V82A,Spike_F157del,Spike_T19R,NS7a_T120I,N_D377Y,M_I82T,NSP6_V149A,Spike_D950N,NSP3_P822L,NSP13_P77L,NSP13_S10A,Spike_E156G,NSP4_A446V,Spike_A623S,Spike_T478K,NSP12_P323L,Spike_D614G,Spike_L452R)
hCoV-19/India/GJ-GBRC678b/2021	EPI_ISL_2017785	2021-04-22	Asia / India / Gujarat / Ahmedabad	Human			Female	62	Demised patient		Original			B.1.617.2	G	(NS7a_L116F,N_D63G,N_R203M,NSP12_G671S,Spike_G142D,NSP2_P129L,NS3_S26L,NSP14_P46L,Spike_P681R,Spike_R158del,NS7a_V82A,Spike_F157del,Spike_T19R,NS7a_T120I,N_D377Y,M_I82T,NSP6_V149A,Spike_D950N,NSP3_P822L,NSP13_P77L,NSP13_S10A,Spike_E156G,NSP4_A446V,Spike_A623S,Spike_T478K,NSP12_P323L,Spike_D614G,Spike_L452R)
hCoV-19/India/GJ-GBRC679a/2021	EPI_ISL_2017786	2021-04-22	Asia / India / Gujarat / Ahmedabad	Human			Male	54	Demised patient		Original			B.1.617.2	G	(NS7a_L116F,N_D63G,N_R203M,NSP12_G671S,Spike_G142D,NSP2_P129L,Spike_A27S,NS3_S26L,NSP14_P46L,Spike_P681R,Spike_R158del,NS7a_V82A,Spike_F157del,Spike_T19R,NS7a_T120I,N_D377Y,M_I82T,NSP6_V149A,Spike_D950N,NSP3_P822L,NSP13_P77L,Spike_E156G,NSP4_A446V,Spike_T478K,Spike_P26S,NSP12_P323L,Spike_D614G,Spike_L452R)
hCoV-19/India/GJ-GBRC679b/2021	EPI_ISL_2017787	2021-04-22	Asia / India / Gujarat / Ahmedabad	Human			Male	54	Demised patient		Original			B.1.617.2	G	(NS7a_L116F,N_D63G,N_R203M,NSP12_G671S,Spike_G142D,NSP2_P129L,Spike_A27S,NS3_S26L,NSP14_P46L,Spike_P681R,Spike_R158del,NS7a_V82A,Spike_F157del,Spike_T19R,NS7a_T120I,N_D377Y,M_I82T,NSP6_V149A,Spike_D950N,NSP3_P822L,NSP13_P77L,Spike_E156G,NSP4_A446V,Spike_T478K,Spike_P26S,NSP12_P323L,Spike_D614G,Spike_L452R)
hCoV-19/India/GJ-GBRC680/2021	EPI_ISL_2017788	2021-04-23	Asia / India / Gujarat / Ahmedabad	Human			Female	35	Demised patient		Original			B.1.617.2	G	(NS7a_L116F,N_D63G,N_R203M,NSP12_G671S,Spike_T1100I,Spike_G142D,NSP2_P129L,NS3_S26L,NSP14_P46L,Spike_P681R,Spike_R158del,NSP15_T166P,NS7a_V82A,Spike_F157del,Spike_T19R,NS7a_T120I,N_D377Y,M_I82T,NSP6_V149A,Spike_D950N,NSP3_P822L,NSP13_P77L,Spike_E156G,NSP4_A446V,Spike_T478K,NSP12_P323L,Spike_D614G,Spike_L452R)
hCoV-19/India/GJ-GBRC681/2021	EPI_ISL_2017789	2021-04-23	Asia / India / Gujarat / Ahmedabad	Human			Male	68	Alive		Original			B.1.617.2	G	(NS7a_L116F,N_D63G,N_R203M,NSP12_G671S,Spike_G142D,NSP2_P129L,NS3_S26L,NSP14_P46L,Spike_P681R,Spike_R158del,NS7a_V82A,Spike_F157del,Spike_T19R,NS7a_T120I,N_D377Y,M_I82T,NSP6_V149A,Spike_D950N,NSP3_P822L,NSP13_P77L,Spike_E156G,NSP4_A446V,Spike_T478K,NSP12_P323L,Spike_D614G,Spike_L452R)
hCoV-19/India/GJ-GBRC601a/2021	EPI_ISL_2020930	2021-04-10	Asia / India / Gujarat / Gandhinagar	Human			Male	46	Alive		Original			B.1.617.2	G	(N_D63G,N_R203M,NSP12_G671S,NSP3_A1914D,Spike_G142D,NSP6_T181I,NS3_S26L,Spike_P681R,Spike_R158del,NSP3_L1244F,NS7a_V82A,Spike_F157del,Spike_T19R,NS7a_T120I,Spike_A222V,N_D377Y,M_I82T,NSP6_V149A,Spike_D950N,NSP3_P822L,NSP13_P77L,Spike_E156G,NSP4_A446V,Spike_T478K,NSP2_G285V,NSP12_P323L,Spike_D614G,NSP13_L391S,Spike_L452R)
hCoV-19/India/GJ-GBRC601b/2021	EPI_ISL_2020931	2021-04-10	Asia / India / Gujarat / Gandhinagar	Human			Male	46	Alive		Original			B.1.617.2	G	(N_D63G,N_R203M,NSP12_G671S,NSP3_A1914D,Spike_G142D,NSP6_T181I,NS3_S26L,Spike_P681R,Spike_R158del,NSP3_L1244F,NS7a_V82A,Spike_F157del,Spike_T19R,NS7a_T120I,Spike_A222V,N_D377Y,M_I82T,NSP6_V149A,NSP3_P822L,NSP13_P77L,Spike_E156G,NSP4_A446V,Spike_T478K,NSP2_G285V,NSP12_P323L,Spike_D614G,NSP13_L391S,Spike_L452R)
hCoV-19/India/GJ-GBRC602/2021	EPI_ISL_2020932	2021-04-10	Asia / India / Gujarat / Gandhinagar	Human			Female	31	Alive		Original			B.1.617.2	G	(NS7a_L116F,N_D63G,N_R203M,NSP12_G671S,Spike_G142D,NSP2_P129L,NS3_S26L,NSP14_P46L,NSP13_V348L,Spike_P681R,Spike_R158del,NS7a_V82A,Spike_F157del,Spike_T19R,NS7a_T120I,N_D377Y,M_I82T,NSP6_V149A,Spike_D950N,NSP3_P822L,NSP13_P77L,Spike_E156G,NSP4_A446V,Spike_T478K,N_A251V,NSP12_P323L,NSP3_D599N,Spike_D614G,Spike_L452R)
hCoV-19/India/GJ-GBRC603/2021	EPI_ISL_2020933	2021-04-10	Asia / India / Gujarat / Gandhinagar	Human			Female	34	Alive		Original			B.1.617.2	G	(NSP6_R233H,NS7a_L116F,N_D63G,N_R203M,NSP12_G671S,Spike_G142D,NSP2_P129L,NS3_S26L,NSP14_P46L,Spike_P681R,Spike_R158del,NS7a_V82A,Spike_F157del,Spike_T19R,NS7a_T120I,N_D377Y,M_I82T,NSP6_V149A,Spike_D950N,NSP3_P822L,NSP13_P77L,Spike_E156G,NSP4_A446V,Spike_T478K,NSP12_P323L,Spike_D614G,Spike_L452R)
hCoV-19/India/GJ-GBRC604/2021	EPI_ISL_2020934	2021-04-10	Asia / India / Gujarat / Gandhinagar	Human			Male	37	Alive		Original			B.1.617.2	G	(NS7a_L116F,N_D63G,N_R203M,NSP12_G671S,Spike_G142D,NSP2_P129L,NS3_S26L,NSP14_P46L,Spike_P681R,Spike_R158del,NS7a_V82A,Spike_F157del,M_G78S,Spike_T19R,NS7a_T120I,N_D377Y,M_I82T,NSP6_V149A,Spike_D950N,NSP3_P822L,NSP13_P77L,Spike_E156G,NSP4_A446V,Spike_T478K,NSP12_P323L,Spike_D614G,Spike_L452R)
hCoV-19/India/GJ-GBRC605a/2021	EPI_ISL_2020935	2021-04-10	Asia / India / Gujarat / Gandhinagar	Human			Female	32	Alive		Original			B.1.617.2	G	(N_G215C,N_D63G,N_R203M,NSP12_G671S,Spike_G142D,NS3_S26L,Spike_P681R,Spike_R158del,NSP3_P1228L,NS7a_V82A,NSP3_A488S,Spike_F157del,NSP4_T492I,NSP14_A394V,Spike_T19R,NS7a_T120I,NSP2_K81N,N_D377Y,M_I82T,Spike_D950N,NS7b_T40I,NSP13_P77L,Spike_E156G,NSP3_P1469S,Spike_T478K,NSP6_T77A,NSP12_P323L,Spike_D614G,NSP4_V167L,Spike_L452R)
hCoV-19/India/GJ-GBRC605b/2021	EPI_ISL_2020936	2021-04-10	Asia / India / Gujarat / Gandhinagar	Human			Female	32	Alive		Original			B.1.617.2	G	(N_D63G,N_R203M,NSP12_G671S,Spike_G142D,NS3_S26L,Spike_P681R,Spike_R158del,NSP3_P1228L,NS7a_V82A,NSP3_A488S,Spike_F157del,NSP4_T492I,NSP14_A394V,Spike_T19R,NS7a_T120I,NSP2_K81N,N_D377Y,M_I82T,Spike_D950N,NS7b_T40I,NSP13_P77L,Spike_E156G,NSP3_P1469S,Spike_T478K,NSP6_T77A,NSP12_P323L,Spike_D614G,NSP4_V167L,Spike_L452R)
hCoV-19/India/GJ-GBRC606a/2021	EPI_ISL_2020937	2021-04-10	Asia / India / Gujarat / Gandhinagar	Human			Male	30	unknown		Original			B.1.617.2	G	(NS7a_L116F,N_D63G,N_R203M,NSP12_G671S,Spike_G142D,NSP2_P129L,NS3_S26L,NSP14_P46L,Spike_P681R,Spike_R158del,NS7a_V82A,Spike_F157del,Spike_T19R,NS7a_T120I,N_D377Y,M_I82T,NSP6_V149A,Spike_D950N,NSP3_P822L,NSP13_P77L,Spike_E156G,NSP4_A446V,Spike_T478K,NSP12_P323L,Spike_D614G,Spike_L452R)
hCoV-19/India/GJ-GBRC607a/2021	EPI_ISL_2020939	2021-04-10	Asia / India / Gujarat / Gandhinagar	Human			Male	41	unknown		Original			B.1.617.2	G	(N_D63G,N_R203M,NSP12_G671S,Spike_G142D,NSP6_T181I,NS3_S26L,Spike_P681R,Spike_R158del,NS7a_V82A,Spike_F157del,NSP13_T214I,Spike_T19R,NS7a_T120I,Spike_A222V,N_D377Y,M_I82T,NSP6_V149A,Spike_D950N,NSP16_Q28K,NSP3_P822L,NSP13_P77L,Spike_E156G,NSP4_A446V,Spike_T478K,NSP12_P323L,Spike_D614G,Spike_L452R)
hCoV-19/India/GJ-GBRC607b/2021	EPI_ISL_2020940	2021-04-10	Asia / India / Gujarat / Gandhinagar	Human			Male	41	unknown		Original			B.1.617.2	G	(N_D63G,N_R203M,NSP12_G671S,Spike_G142D,NSP6_T181I,NS3_S26L,Spike_P681R,Spike_R158del,NS7a_V82A,Spike_F157del,NSP13_T214I,Spike_T19R,NS7a_T120I,Spike_A222V,N_D377Y,M_I82T,NSP6_V149A,Spike_D950N,NSP16_Q28K,NSP3_P822L,NSP13_P77L,Spike_E156G,NSP4_A446V,Spike_T478K,NSP12_P323L,Spike_D614G,Spike_L452R)
hCoV-19/India/GJ-GBRC608/2021	EPI_ISL_2020941	2021-04-10	Asia / India / Gujarat / Gandhinagar	Human			Male	22	Alive		Original			B.1.617.2	G	(NS7a_L116F,N_D63G,N_R203M,NSP12_G671S,NSP13_R392C,Spike_G142D,NSP2_P129L,NS3_S26L,NSP14_P46L,Spike_P681R,Spike_R158del,NS7a_V82A,Spike_F157del,Spike_T19R,NS7a_T120I,N_D377Y,M_I82T,NSP6_V149A,Spike_D950N,NSP3_P822L,NSP13_P77L,Spike_E156G,NSP4_A446V,Spike_T478K,NSP12_P323L,Spike_D614G,Spike_L452R)
hCoV-19/India/GJ-GBRC609/2021	EPI_ISL_2020942	2021-04-10	Asia / India / Gujarat / Gandhinagar	Human			Male	49	Alive		Original			B.1.617.2	G	(NS7a_L116F,N_D63G,N_R203M,NSP12_G671S,Spike_G142D,NSP2_P129L,NS3_S26L,NSP14_P46L,Spike_P681R,NSP16_I229V,Spike_R158del,NS7a_V82A,Spike_F157del,Spike_T19R,NS7a_T120I,N_D377Y,M_I82T,NSP6_V149A,Spike_D950N,NSP3_P822L,NSP13_P77L,Spike_E156G,NSP4_A446V,Spike_T478K,NSP12_P323L,NSP3_D599N,Spike_D614G,Spike_L452R)
hCoV-19/India/GJ-GBRC610/2021	EPI_ISL_2020943	2021-04-10	Asia / India / Gujarat / Gandhinagar	Human			Male	42	Alive		Original			B.1.617.2	G	(NS7a_L116F,N_D63G,N_R203M,NSP12_G671S,Spike_G142D,NSP2_P129L,NS3_S26L,NSP3_K384N,Spike_P681R,Spike_R158del,NSP3_H1274Y,NS7a_V82A,Spike_F157del,Spike_T19R,NS7a_T120I,N_R385K,N_D377Y,M_I82T,NSP6_V149A,Spike_D950N,NSP3_P822L,N_T362I,NSP13_P77L,Spike_E156G,NSP4_A446V,NSP15_H234Y,Spike_T478K,NSP12_P323L,Spike_D614G,Spike_L452R)
hCoV-19/India/GJ-GBRC611/2021	EPI_ISL_2020944	2021-04-10	Asia / India / Gujarat / Gandhinagar	Human			Female	41	unknown		Original			B.1.617.2	G	(NSP15_D128Y,NS7a_L116F,N_D63G,N_R203M,NSP12_G671S,Spike_G142D,NSP2_P129L,NS3_S26L,NSP14_P46L,Spike_P681R,Spike_R158del,NS7a_V82A,Spike_F157del,Spike_T19R,NS7a_T120I,N_D377Y,M_I82T,NSP6_V149A,Spike_D950N,NSP3_P822L,NSP13_P77L,Spike_E156G,NSP4_A446V,Spike_T478K,NSP12_P323L,Spike_D614G,Spike_L452R)
hCoV-19/India/GJ-GBRC612a/2021	EPI_ISL_2020945	2021-04-10	Asia / India / Gujarat / Gandhinagar	Human			Female	25	Alive		Original			B.1.617.2	G	(N_D63G,N_R203M,NSP12_G671S,Spike_G142D,NSP6_T181I,NS3_S26L,N_A55S,Spike_P681R,Spike_R158del,NS7a_V82A,Spike_F157del,Spike_T19R,NS7a_T120I,Spike_A222V,N_D377Y,M_I82T,NSP6_V149A,Spike_D950N,NSP16_Q28K,NSP3_P822L,NSP13_P77L,Spike_E156G,NSP4_A446V,Spike_T478K,NSP12_P323L,Spike_D614G,Spike_L452R,NSP13_V193A)
hCoV-19/India/GJ-GBRC612b/2021	EPI_ISL_2020946	2021-04-10	Asia / India / Gujarat / Gandhinagar	Human			Female	25	Alive		Original			B.1.617.2	G	(N_D63G,N_R203M,NSP12_G671S,Spike_G142D,NSP6_T181I,NS3_S26L,N_A55S,Spike_P681R,Spike_R158del,NS7a_V82A,Spike_F157del,Spike_T19R,NS7a_T120I,Spike_A222V,N_D377Y,M_I82T,NSP6_V149A,Spike_D950N,NSP16_Q28K,NSP3_P822L,NSP13_P77L,Spike_E156G,NSP4_A446V,Spike_T478K,NSP12_P323L,Spike_D614G,Spike_L452R,NSP13_V193A)
hCoV-19/India/GJ-GBRC613/2021	EPI_ISL_2020947	2021-04-10	Asia / India / Gujarat / Gandhinagar	Human			Male	36	Alive		Original			B.1.617.2	G	(N_G215C,NSP3_W1576R,N_D63G,N_R203M,NSP12_G671S,Spike_G142D,NS3_S26L,Spike_P681R,Spike_R158del,NSP3_P1228L,NS7a_V82A,NSP3_A488S,Spike_F157del,NSP4_T492I,NSP14_A394V,Spike_T19R,NS7a_T120I,N_D377Y,M_I82T,NS7a_C58F,Spike_D950N,NS7b_T40I,N_L159I,NSP13_P77L,Spike_E156G,NSP3_P1469S,Spike_T478K,NSP6_T77A,NSP12_P323L,Spike_D614G,NSP4_V167L,Spike_L452R,NSP15_S328L,NSP6_M143I)
hCoV-19/India/GJ-GBRC614a/2021	EPI_ISL_2020948	2021-04-10	Asia / India / Gujarat / Gandhinagar	Human			Male	80	unknown		Original			B.1.617.2	G	(N_G215C,N_D63G,N_R203M,NSP12_G671S,Spike_G142D,NS3_S26L,Spike_P681R,Spike_R158del,NSP3_P1228L,NS7a_V82A,NSP3_A488S,Spike_F157del,NSP4_T492I,NSP14_A394V,Spike_T19R,NS7a_T120I,NSP2_K81N,N_D377Y,M_I82T,Spike_D950N,NS7b_T40I,NSP13_P77L,Spike_E156G,NSP3_P1469S,Spike_T478K,NSP6_T77A,NSP12_P323L,Spike_D614G,NSP4_V167L,Spike_L452R)
hCoV-19/India/GJ-GBRC615/2021	EPI_ISL_2020950	2021-04-10	Asia / India / Gujarat / Gandhinagar	Human			Female	75	Alive		Original			B.1.617.2	G	(NS7a_L116F,N_D63G,N_R203M,NSP12_G671S,Spike_G142D,NSP2_P129L,NS3_S26L,NSP14_P46L,Spike_P681R,Spike_R158del,NS7a_V82A,Spike_F157del,Spike_T19R,NS7a_T120I,N_D377Y,M_I82T,NSP6_V149A,Spike_D950N,NSP3_P822L,NSP13_P77L,Spike_E156G,NSP4_A446V,Spike_T478K,NSP12_P323L,Spike_D614G,Spike_L452R)
hCoV-19/India/GJ-GBRC616/2021	EPI_ISL_2020951	2021-04-10	Asia / India / Gujarat / Gandhinagar	Human			Female	43	Alive		Original			B.1.617.2	G	(NS7a_L116F,N_D63G,N_R203M,NSP12_G671S,Spike_G142D,NSP2_P129L,NS3_S26L,NSP14_P46L,Spike_P681R,Spike_R158del,NS7a_V82A,Spike_F157del,Spike_T19R,NS7a_T120I,N_D377Y,M_I82T,NSP6_V149A,Spike_D950N,NSP3_T1004I,NSP3_P822L,NSP13_P77L,Spike_E156G,NSP4_A446V,Spike_T478K,NSP12_P323L,Spike_D614G,Spike_L452R)
hCoV-19/India/GJ-GBRC617/2021	EPI_ISL_2020952	2021-04-10	Asia / India / Gujarat / Gandhinagar	Human			Male	53	Alive		Original			B.1.617.2	G	(NS7a_L116F,N_D63G,N_R203M,NSP12_G671S,Spike_G142D,NSP2_P129L,NS3_S26L,NSP14_P46L,Spike_L5F,NSP5_L67F,Spike_P681R,Spike_R158del,NS7a_V82A,Spike_F157del,Spike_T19R,NS7a_T120I,N_D377Y,M_I82T,NSP6_V149A,Spike_D950N,NSP3_P822L,NSP13_P77L,Spike_E156G,NS3_F105L,NSP4_A446V,Spike_T478K,NSP12_P323L,Spike_D614G,Spike_L452R)
hCoV-19/India/GJ-GBRC618/2021	EPI_ISL_2020953	2021-04-10	Asia / India / Gujarat / Gandhinagar	Human			Male	41	Alive		Original			B.1.617.2	G	(NS7a_L116F,N_D63G,N_R203M,NSP12_G671S,Spike_G142D,NSP2_P129L,NS3_S26L,NSP14_P46L,Spike_P681R,Spike_R158del,NS7a_V82A,Spike_F157del,NSP3_D78A,Spike_T19R,NS7a_T120I,N_D377Y,M_I82T,NSP6_V149A,Spike_D950N,NSP3_P822L,NSP13_P77L,Spike_E156G,NSP4_A446V,Spike_T478K,NSP12_P323L,Spike_D614G,Spike_L452R)
hCoV-19/India/GJ-GBRC619/2021	EPI_ISL_2020954	2021-04-10	Asia / India / Gujarat / Gandhinagar	Human			Female	27	Alive		Original			B.1.617.2	G	(NSP3_S692F,N_G215C,N_D63G,N_R203M,NS8_C102Y,NSP12_G671S,Spike_G142D,NS3_S26L,Spike_P681R,Spike_R158del,NSP3_P1228L,NS7a_V82A,NSP3_A488S,Spike_F157del,NSP4_T492I,NSP14_A394V,Spike_T19R,NS7a_T120I,N_D377Y,M_I82T,Spike_D950N,NS7b_T40I,NSP13_P77L,Spike_E156G,NSP3_P1469S,Spike_T478K,NSP6_T77A,NSP12_P323L,Spike_D614G,NSP4_V167L,Spike_L452R)
hCoV-19/India/GJ-GBRC620a/2021	EPI_ISL_2020955	2021-04-10	Asia / India / Gujarat / Gandhinagar	Human			Female	48	Alive		Original			B.1.617.2	G	(N_D63G,N_R203M,NSP12_G671S,Spike_G142D,NSP6_T181I,Spike_T732I,NS3_S26L,NSP14_M49I,Spike_P681R,Spike_R158del,NS7a_V82A,Spike_F157del,Spike_T19R,NS7a_T120I,Spike_A222V,N_D377Y,M_I82T,NSP6_V149A,Spike_D950N,NSP16_Q28K,NSP3_P822L,NSP13_P77L,Spike_E156G,NSP4_A446V,Spike_T478K,NSP2_K454N,NSP12_P323L,Spike_D614G,Spike_L452R)
hCoV-19/India/GJ-GBRC639a/2021	EPI_ISL_2020957	2021-04-10	Asia / India / Gujarat / Gandhinagar	Human			Female	17	Alive		Original			B.1.617.2	G	(NS7a_L116F,N_D63G,N_R203M,NSP12_G671S,Spike_G142D,NSP2_P129L,NS3_S26L,NSP14_P46L,Spike_P681R,Spike_R158del,NS7a_V82A,Spike_F157del,Spike_T19R,NS7a_T120I,NSP2_V485I,N_D377Y,M_I82T,NSP6_V149A,Spike_D950N,NSP3_P822L,NSP13_P77L,Spike_E156G,NSP4_A446V,Spike_T478K,NSP12_P323L,Spike_D614G,Spike_L452R)
hCoV-19/India/GJ-GBRC640a/2021	EPI_ISL_2020959	2021-04-11	Asia / India / Gujarat / Gandhinagar	Human			Male	33	unknown		Original			B.1.617.2	G	(NS7a_L116F,N_D63G,N_R203M,NSP12_G671S,Spike_G142D,NSP2_P129L,NSP9_A54V,NS3_S26L,NSP14_P46L,Spike_P681R,NSP16_I229V,Spike_R158del,NS7a_V82A,Spike_F157del,Spike_T19R,NS7a_T120I,N_D377Y,M_I82T,NSP6_V149A,Spike_D950N,NSP3_P822L,NSP13_P77L,Spike_E156G,NSP4_A446V,Spike_T478K,NSP12_P323L,NSP3_D599N,Spike_D614G,Spike_L452R,NSP3_P402S)
hCoV-19/India/GJ-ICMR-NIV-INSACOG-GSEQ-3150/2021	EPI_ISL_2131538	2021-04-11	Asia / India / Gujarat	Human			Male	63	unknown		Original			B.1.617.2	G	(NSP12_P809R,NS7a_L116F,N_D63G,N_R203M,NSP12_G671S,Spike_G142D,NSP2_P129L,NS3_S26L,NSP14_P46L,Spike_P681R,NS7a_V82A,Spike_T19R,NS7a_T120I,N_D377Y,M_I82T,NSP6_V149A,Spike_D950N,NSP3_P822L,NSP13_P77L,NSP8_P10S,NSP4_A446V,Spike_T478K,NSP12_P323L,Spike_D614G,Spike_L452R)
hCoV-19/India/GJ-ICMR-NIV-INSACOG-GSEQ-3152/2021	EPI_ISL_2131540	2021-04-19	Asia / India / Gujarat	Human			Male	48	unknown		Original			B.1.617.2	G	(N_G215C,N_D63G,N_R203M,NSP12_G671S,Spike_G142D,NS3_S26L,Spike_P681R,NSP3_P1228L,NS7a_V82A,NSP3_A488S,NSP4_T492I,NSP14_A394V,Spike_T19R,NS7a_T120I,N_D377Y,M_I82T,NS7b_T40I,NSP12_M601I,NSP13_P77L,NSP3_P1469S,Spike_T478K,NSP6_T77A,NSP12_P323L,Spike_D614G,NSP4_V167L,Spike_L452R)
hCoV-19/India/GJ-ICMR-NIV-INSACOG-GSEQ-3153/2021	EPI_ISL_2131541	2021-04-18	Asia / India / Gujarat	Human			Male	50	unknown		Original			B.1.617.2	G	(NS7a_L116F,N_D63G,N_R203M,NSP12_G671S,Spike_G142D,NS3_V77F,NSP2_P129L,NS3_S26L,NSP14_P46L,Spike_P681R,NS7a_V82A,Spike_T19R,NS7a_T120I,N_D377Y,M_I82T,NSP6_V149A,Spike_D950N,NSP3_P822L,NSP13_P77L,NSP4_A446V,Spike_T478K,NSP12_P323L,Spike_D614G,Spike_L452R)
hCoV-19/India/GJ-ICMR-NIV-INSACOG-GSEQ-3154/2021	EPI_ISL_2131542	2021-04-18	Asia / India / Gujarat	Human			Male	38	unknown		Original			B.1.617.2	G	(NS7a_L116F,N_T391A,N_D63G,N_R203M,NS7a_G38stop,NSP12_G671S,Spike_G142D,NSP2_P129L,NS3_S26L,NSP14_P46L,Spike_P681R,NS7a_V82A,NSP2_P96S,Spike_T19R,NS7a_T120I,N_D377Y,M_I82T,NSP6_V149A,Spike_D950N,NSP3_P822L,NSP13_P77L,NSP4_A446V,Spike_T478K,NSP12_P323L,Spike_D614G,Spike_L452R)
hCoV-19/India/GJ-ICMR-NIV-INSACOG-GSEQ-3155/2021	EPI_ISL_2131543	2021-04-17	Asia / India / Gujarat	Human			Female	45	unknown		Original			B.1.617.2	G	(N_G215C,N_D63G,N_R203M,NSP12_G671S,Spike_G142D,NS3_S26L,Spike_P681R,NSP3_P1228L,NS7a_V82A,NSP3_A488S,NSP4_T492I,NSP14_A394V,Spike_T19R,NS3_D238Y,NS7a_T120I,NSP2_K81N,N_D377Y,M_I82T,Spike_D950N,NS7b_T40I,NSP13_P77L,NSP3_P1867T,NSP3_P1469S,Spike_T478K,NSP6_T77A,NSP12_P323L,Spike_D614G,NSP4_V167L,Spike_L452R)
hCoV-19/India/GJ-ICMR-NIV-INSACOG-GSEQ-3156/2021	EPI_ISL_2131544	2021-04-18	Asia / India / Gujarat	Human			Male	20	unknown		Original			B.1.617.2	G	(N_G215C,N_D63G,N_R203M,NSP12_G671S,Spike_G142D,NS3_S26L,Spike_P681R,NSP3_P1228L,NS8_E106stop,NSP4_A146V,NS7a_V82A,NSP3_A488S,NSP4_T492I,NSP14_A394V,Spike_T19R,NS7a_T120I,NSP2_K81N,N_D377Y,M_I82T,Spike_D950N,NS7b_T40I,NSP13_P77L,NSP14_T113I,NSP3_P1469S,Spike_T478K,NSP6_T77A,NSP12_P323L,Spike_D614G,NSP4_V167L,Spike_L452R)
hCoV-19/India/GJ-ICMR-NIV-INSACOG-GSEQ-3158/2021	EPI_ISL_2131546	2021-04-18	Asia / India / Gujarat	Human			Female	26	unknown		Original			B.1.617.2	G	(N_G215C,Spike_T95I,NSP2_E612stop,N_D63G,N_R203M,NSP12_G671S,NS3_L85F,NS3_S26L,Spike_P681R,NSP3_P1228L,NS7a_V82A,NSP3_A488S,NSP4_T492I,NSP5_F8L,NSP14_A394V,Spike_T19R,NS7a_T120I,N_D377Y,M_I82T,NS7b_T40I,NSP13_P77L,NSP3_P1469S,Spike_T478K,NSP6_T77A,NSP12_P323L,Spike_D614G,NSP4_V167L,Spike_L452R,NSP12_H810D)
