sequence_name,accession,sample_date,region,country,state,district,lab,Lineage
India/GJ-GBRC466a/2021,EPI_ISL_1544115,2021-03-01,Asia,India,Gujarat,Ahmedabad,GBRC,B.1.1.7
India/GJ-GBRC466b/2021,EPI_ISL_1544116,2021-03-01,Asia,India,Gujarat,Ahmedabad,GBRC,B.1.1.7
India/GJ-GBRC467/2021,EPI_ISL_1544117,2021-03-02,Asia,India,Gujarat,Ahmedabad,GBRC,B.1.1.7
India/GJ-GBRC480a/2021,EPI_ISL_1544133,2021-03-12,Asia,India,Gujarat,Gandhinagar,GBRC,B.1.36.29
India/GJ-GBRC480b/2021,EPI_ISL_1544134,2021-03-12,Asia,India,Gujarat,Gandhinagar,GBRC,B.1.36.29
India/GJ-GBRC540a/2021,EPI_ISL_1677768,2021-04-01,Asia,India,Gujarat,Gandhinagar,GBRC,B.1.617.1
India/GJ-GBRC540b/2021,EPI_ISL_1677769,2021-04-01,Asia,India,Gujarat,Gandhinagar,GBRC,B.1
India/GJ-ICMR-NIV-INSACOG-GSEQ-1365/2021,EPI_ISL_1703673,2021-03-08,Asia,India,Gujarat,,ICMR,B.1.1.306
India/GJ-ICMR-NIV-INSACOG-GSEQ-1367/2021,EPI_ISL_1703701,2021-03-10,Asia,India,Gujarat,,ICMR,B.1
India/GJ-ICMR-NIV-INSACOG-GSEQ-1360/2021,EPI_ISL_1703739,2021-03-10,Asia,India,Gujarat,,ICMR,B.1.1.306
India/GJ-ICMR-NIV-INSACOG-GSEQ-1368/2021,EPI_ISL_1703789,2021-03-11,Asia,India,Gujarat,,ICMR,B.1.1.7
India/GJ-ICMR-NIV-INSACOG-GSEQ-1038/2021,EPI_ISL_1703922,2021-03-04,Asia,India,Gujarat,,ICMR,B.1.1.306
India/GJ-ICMR-NIV-INSACOG-GSEQ-1030/2021,EPI_ISL_1703943,2021-03-04,Asia,India,Gujarat,,ICMR,B.1.1.7
India/GJ-ICMR-NIV-INSACOG-GSEQ-1371/2021,EPI_ISL_1703945,2021-03-11,Asia,India,Gujarat,,ICMR,B.1.1.7
India/GJ-ICMR-NIV-INSACOG-GSEQ-1077/2021,EPI_ISL_1703994,2021-03-09,Asia,India,Gujarat,,ICMR,B.1.36.29
India/GJ-ICMR-NIV-INSACOG-GSEQ-1353/2021,EPI_ISL_1704080,2021-03-09,Asia,India,Gujarat,,ICMR,B.1.617.1
India/GJ-ICMR-NIV-INSACOG-GSEQ-1029/2021,EPI_ISL_1704196,2021-03-04,Asia,India,Gujarat,,ICMR,B.1.617.1
India/GJ-ICMR-NIV-INSACOG-GSEQ-1031/2021,EPI_ISL_1704197,2021-03-04,Asia,India,Gujarat,,ICMR,B.1.617.1
India/GJ-ICMR-NIV-INSACOG-GSEQ-1032/2021,EPI_ISL_1704198,2021-03-04,Asia,India,Gujarat,,ICMR,B.1.1.306
India/GJ-ICMR-NIV-INSACOG-GSEQ-1033/2021,EPI_ISL_1704199,2021-03-04,Asia,India,Gujarat,,ICMR,B.1.1.306
India/GJ-ICMR-NIV-INSACOG-GSEQ-1035/2021,EPI_ISL_1704201,2021-03-01,Asia,India,Gujarat,,ICMR,B.1.1.306
India/GJ-ICMR-NIV-INSACOG-GSEQ-1037/2021,EPI_ISL_1704202,2021-03-03,Asia,India,Gujarat,,ICMR,B.1.36.8
India/GJ-ICMR-NIV-INSACOG-GSEQ-1352/2021,EPI_ISL_1704227,2021-03-09,Asia,India,Gujarat,,ICMR,B.1.617.1
India/GJ-ICMR-NIV-INSACOG-GSEQ-1354/2021,EPI_ISL_1704229,2021-03-09,Asia,India,Gujarat,,ICMR,B.1.617.1
India/GJ-ICMR-NIV-INSACOG-GSEQ-1355/2021,EPI_ISL_1704230,2021-03-09,Asia,India,Gujarat,,ICMR,B.1.617.1
India/GJ-ICMR-NIV-INSACOG-GSEQ-1356/2021,EPI_ISL_1704231,2021-03-08,Asia,India,Gujarat,,ICMR,B.1.617.1
India/GJ-ICMR-NIV-INSACOG-GSEQ-1357/2021,EPI_ISL_1704232,2021-03-08,Asia,India,Gujarat,,ICMR,B.1.617.1
India/GJ-ICMR-NIV-INSACOG-GSEQ-1358/2021,EPI_ISL_1704233,2021-03-08,Asia,India,Gujarat,,ICMR,B.1.617.1
India/GJ-ICMR-NIV-INSACOG-GSEQ-1359/2021,EPI_ISL_1704234,2021-03-08,Asia,India,Gujarat,,ICMR,B.1.617.2
India/GJ-ICMR-NIV-INSACOG-GSEQ-1366/2021,EPI_ISL_1704235,2021-03-09,Asia,India,Gujarat,,ICMR,B.1.617.1
India/GJ-ICMR-NIV-INSACOG-GSEQ-1370/2021,EPI_ISL_1704236,2021-03-11,Asia,India,Gujarat,,ICMR,B.1.617.1
India/GJ-ICMR-NIV-INSACOG-GSEQ-3000/2021,EPI_ISL_1841236,2021-04-18,Asia,India,Gujarat,Ahmedabad,ICMR,B.1.617.1
India/GJ-ICMR-NIV-INSACOG-GSEQ-3032/2021,EPI_ISL_1841237,2021-04-18,Asia,India,Gujarat,Ahmedabad,ICMR,B.1.617.1
India/GJ-ICMR-NIV-INSACOG-GSEQ-3144/2021,EPI_ISL_1841238,2021-04-18,Asia,India,Gujarat,Ahmedabad,ICMR,B.1.617.1
India/GJ-ICMR-NIV-INSACOG-GSEQ-3094/2021,EPI_ISL_1841239,2021-04-18,Asia,India,Gujarat,Ahmedabad,ICMR,B.1.617.1
India/GJ-ICMR-NIV-INSACOG-GSEQ-3031/2021,EPI_ISL_1841240,2021-04-18,Asia,India,Gujarat,Ahmedabad,ICMR,B.1.617.2
India/GJ-ICMR-NIV-INSACOG-GSEQ-2997/2021,EPI_ISL_1841241,2021-04-18,Asia,India,Gujarat,Ahmedabad,ICMR,B.1.617.2
India/GJ-ICMR-NIV-INSACOG-GSEQ-3051/2021,EPI_ISL_1841242,2021-04-17,Asia,India,Gujarat,Ahmedabad,ICMR,B.1.617.2
India/GJ-ICMR-NIV-INSACOG-GSEQ-3012/2021,EPI_ISL_1841243,2021-04-18,Asia,India,Gujarat,Ahmedabad,ICMR,B.1.617.2
India/GJ-ICMR-NIV-INSACOG-GSEQ-3107/2021,EPI_ISL_1841244,2021-04-17,Asia,India,Gujarat,Ahmedabad,ICMR,B.1.617.2
India/GJ-ICMR-NIV-INSACOG-GSEQ-3006/2021,EPI_ISL_1841245,2021-04-18,Asia,India,Gujarat,Ahmedabad,ICMR,B.1.617.2
India/GJ-ICMR-NIV-INSACOG-GSEQ-3002/2021,EPI_ISL_1841246,2021-04-17,Asia,India,Gujarat,Ahmedabad,ICMR,B.1.617.2
India/GJ-ICMR-NIV-INSACOG-GSEQ-3024/2021,EPI_ISL_1841247,2021-04-18,Asia,India,Gujarat,Ahmedabad,ICMR,B.1.617.2
India/GJ-ICMR-NIV-INSACOG-GSEQ-3030/2021,EPI_ISL_1841248,2021-04-18,Asia,India,Gujarat,Ahmedabad,ICMR,B.1.617.2
India/GJ-ICMR-NIV-INSACOG-GSEQ-3015/2021,EPI_ISL_1841249,2021-04-18,Asia,India,Gujarat,Ahmedabad,ICMR,B.1.617.2
India/GJ-ICMR-NIV-INSACOG-GSEQ-3005/2021,EPI_ISL_1841250,2021-04-18,Asia,India,Gujarat,Ahmedabad,ICMR,B.1.617.2
India/GJ-ICMR-NIV-INSACOG-GSEQ-2998/2021,EPI_ISL_1841251,2021-04-17,Asia,India,Gujarat,Ahmedabad,ICMR,B.1.617.2
India/GJ-ICMR-NIV-INSACOG-GSEQ-3029/2021,EPI_ISL_1841252,2021-04-18,Asia,India,Gujarat,Ahmedabad,ICMR,B.1.617.2
India/GJ-ICMR-NIV-INSACOG-GSEQ-2991/2021,EPI_ISL_1841253,2021-04-18,Asia,India,Gujarat,Ahmedabad,ICMR,B.1.617.2
India/GJ-ICMR-NIV-INSACOG-GSEQ-3050/2021,EPI_ISL_1841254,2021-04-18,Asia,India,Gujarat,Ahmedabad,ICMR,B.1.617.2
India/GJ-ICMR-NIV-INSACOG-GSEQ-3022/2021,EPI_ISL_1841255,2021-04-18,Asia,India,Gujarat,Ahmedabad,ICMR,B.1.617.2
India/GJ-ICMR-NIV-INSACOG-GSEQ-3026/2021,EPI_ISL_1841256,2021-04-18,Asia,India,Gujarat,Ahmedabad,ICMR,B.1.617.2
India/GJ-ICMR-NIV-INSACOG-GSEQ-3039/2021,EPI_ISL_1841257,2021-04-18,Asia,India,Gujarat,Ahmedabad,ICMR,B.1.409
India/GJ-ICMR-NIV-INSACOG-GSEQ-3056/2021,EPI_ISL_1841258,2021-04-18,Asia,India,Gujarat,Ahmedabad,ICMR,B.1.617.2
India/GJ-ICMR-NIV-INSACOG-GSEQ-3040/2021,EPI_ISL_1841259,2021-04-18,Asia,India,Gujarat,Ahmedabad,ICMR,B.1.617.2
India/GJ-ICMR-NIV-INSACOG-GSEQ-3011/2021,EPI_ISL_1841260,2021-04-18,Asia,India,Gujarat,Ahmedabad,ICMR,B.1.617.2
India/GJ-ICMR-NIV-INSACOG-GSEQ-3059/2021,EPI_ISL_1841261,2021-04-18,Asia,India,Gujarat,Ahmedabad,ICMR,B.1.617.2
India/GJ-ICMR-NIV-INSACOG-GSEQ-3105/2021,EPI_ISL_1841262,2021-04-19,Asia,India,Gujarat,Ahmedabad,ICMR,B.1.617.2
India/GJ-ICMR-NIV-INSACOG-GSEQ-3004/2021,EPI_ISL_1841263,2021-04-18,Asia,India,Gujarat,Ahmedabad,ICMR,B.1.617.2
India/GJ-ICMR-NIV-INSACOG-GSEQ-3035/2021,EPI_ISL_1841264,2021-04-18,Asia,India,Gujarat,Ahmedabad,ICMR,B.1.617.2
India/GJ-ICMR-NIV-INSACOG-GSEQ-3055/2021,EPI_ISL_1841265,2021-04-18,Asia,India,Gujarat,Ahmedabad,ICMR,B.1.617.2
India/GJ-ICMR-NIV-INSACOG-GSEQ-3013/2021,EPI_ISL_1841266,2021-04-18,Asia,India,Gujarat,Ahmedabad,ICMR,B.1.617.2
India/GJ-ICMR-NIV-INSACOG-GSEQ-3054/2021,EPI_ISL_1841267,2021-04-18,Asia,India,Gujarat,Ahmedabad,ICMR,B.1.617.2
India/GJ-ICMR-NIV-INSACOG-GSEQ-2993/2021,EPI_ISL_1841268,2021-04-18,Asia,India,Gujarat,Ahmedabad,ICMR,B.1.617.2
India/GJ-ICMR-NIV-INSACOG-GSEQ-3138/2021,EPI_ISL_1841269,2021-04-18,Asia,India,Gujarat,Ahmedabad,ICMR,B.1.617.2
India/GJ-ICMR-NIV-INSACOG-GSEQ-2988/2021,EPI_ISL_1841270,2021-04-18,Asia,India,Gujarat,Ahmedabad,ICMR,B.1.617.2
India/GJ-ICMR-NIV-INSACOG-GSEQ-3043/2021,EPI_ISL_1841271,2021-04-18,Asia,India,Gujarat,Ahmedabad,ICMR,B.1.617.2
India/GJ-ICMR-NIV-INSACOG-GSEQ-3049/2021,EPI_ISL_1841272,2021-04-18,Asia,India,Gujarat,Ahmedabad,ICMR,B.1.617.2
India/GJ-ICMR-NIV-INSACOG-GSEQ-2996/2021,EPI_ISL_1841273,2021-04-18,Asia,India,Gujarat,Ahmedabad,ICMR,B.1.617.2
India/GJ-ICMR-NIV-INSACOG-GSEQ-3119/2021,EPI_ISL_1841274,2021-04-18,Asia,India,Gujarat,Ahmedabad,ICMR,B.1.617.2
India/GJ-ICMR-NIV-INSACOG-GSEQ-3007/2021,EPI_ISL_1841275,2021-04-18,Asia,India,Gujarat,Ahmedabad,ICMR,B.1.617.2
India/GJ-ICMR-NIV-INSACOG-GSEQ-3097/2021,EPI_ISL_1841276,2021-04-18,Asia,India,Gujarat,Ahmedabad,ICMR,B.1.617.2
India/GJ-ICMR-NIV-INSACOG-GSEQ-3061/2021,EPI_ISL_1841277,2021-04-18,Asia,India,Gujarat,Ahmedabad,ICMR,B.1.1.7
India/GJ-ICMR-NIV-INSACOG-GSEQ-3090/2021,EPI_ISL_1841278,2021-04-18,Asia,India,Gujarat,Ahmedabad,ICMR,B.1.1.7
India/GJ-ICMR-NIV-INSACOG-GSEQ-2824/2021,EPI_ISL_1841279,2021-04-10,Asia,India,Gujarat,Surat,ICMR,B.1.617.2
India/GJ-ICMR-NIV-INSACOG-GSEQ-2820/2021,EPI_ISL_1841280,2021-04-10,Asia,India,Gujarat,Surat,ICMR,B.1.617.2
India/GJ-ICMR-NIV-INSACOG-GSEQ-2982/2021,EPI_ISL_1841281,2021-04-21,Asia,India,Gujarat,Vadodara,ICMR,B.1.617.2
India/GJ-ICMR-NIV-INSACOG-GSEQ-2977/2021,EPI_ISL_1841282,2021-04-03,Asia,India,Gujarat,Vadodara,ICMR,B.1.617.2
India/GJ-ICMR-NIV-INSACOG-GSEQ-2974/2021,EPI_ISL_1841283,2021-04-21,Asia,India,Gujarat,Vadodara,ICMR,B.1.617.2
India/GJ-ICMR-NIV-INSACOG-GSEQ-2978/2021,EPI_ISL_1841284,2021-04-23,Asia,India,Gujarat,Vadodara,ICMR,B.1.617.2
India/GJ-ICMR-NIV-INSACOG-GSEQ-2981/2021,EPI_ISL_1841285,2021-04-23,Asia,India,Gujarat,Vadodara,ICMR,B.1.617.2
India/GJ-ICMR-NIV-INSACOG-GSEQ-2819/2021,EPI_ISL_1928506,2021-04-06,Asia,India,Gujarat,Surat,ICMR,B.1.617.2
India/GJ-ICMR-NIV-INSACOG-GSEQ-2823/2021,EPI_ISL_1928507,2021-04-07,Asia,India,Gujarat,Surat,ICMR,B.1.617.2
India/GJ-ICMR-NIV-INSACOG-GSEQ-2822/2021,EPI_ISL_1928509,2021-04-07,Asia,India,Gujarat,Surat,ICMR,B.1.617.2
India/GJ-ICMR-NIV-INSACOG-GSEQ-2821/2021,EPI_ISL_1928510,2021-04-07,Asia,India,Gujarat,Surat,ICMR,B.1.617.3
India/GJ-ICMR-NIV-INSACOG-GSEQ-2831/2021,EPI_ISL_1928512,2021-04-09,Asia,India,Gujarat,Surat,ICMR,B.1
India/GJ-ICMR-NIV-INSACOG-GSEQ-2827/2021,EPI_ISL_1928513,2021-04-10,Asia,India,Gujarat,Surat,ICMR,B.1.617.2
India/GJ-ICMR-NIV-INSACOG-GSEQ-2826/2021,EPI_ISL_1928515,2021-04-10,Asia,India,Gujarat,Surat,ICMR,B.1.617.2
India/GJ-ICMR-NIV-INSACOG-GSEQ-2825/2021,EPI_ISL_1928517,2021-04-11,Asia,India,Gujarat,Surat,ICMR,B.1.617.1
India/GJ-ICMR-NIV-INSACOG-GSEQ-3129/2021,EPI_ISL_1928528,2021-04-17,Asia,India,Gujarat,Ahmedabad,ICMR,B.1.617.1
India/GJ-ICMR-NIV-INSACOG-GSEQ-3125/2021,EPI_ISL_1928530,2021-04-17,Asia,India,Gujarat,Ahmedabad,ICMR,B.1.617.2
India/GJ-ICMR-NIV-INSACOG-GSEQ-3065/2021,EPI_ISL_1928531,2021-04-17,Asia,India,Gujarat,Ahmedabad,ICMR,B.1.617.2
India/GJ-ICMR-NIV-INSACOG-GSEQ-3048/2021,EPI_ISL_1928533,2021-04-17,Asia,India,Gujarat,Ahmedabad,ICMR,B.1.617.1
India/GJ-ICMR-NIV-INSACOG-GSEQ-3028/2021,EPI_ISL_1928534,2021-04-17,Asia,India,Gujarat,Ahmedabad,ICMR,B.1.617.2
India/GJ-ICMR-NIV-INSACOG-GSEQ-3025/2021,EPI_ISL_1928536,2021-04-17,Asia,India,Gujarat,Ahmedabad,ICMR,B.1.617.2
India/GJ-ICMR-NIV-INSACOG-GSEQ-3017/2021,EPI_ISL_1928537,2021-04-17,Asia,India,Gujarat,Ahmedabad,ICMR,B.1.617.2
India/GJ-ICMR-NIV-INSACOG-GSEQ-3145/2021,EPI_ISL_1928543,2021-04-18,Asia,India,Gujarat,Ahmedabad,ICMR,B.1.617.2
India/GJ-ICMR-NIV-INSACOG-GSEQ-3143/2021,EPI_ISL_1928544,2021-04-18,Asia,India,Gujarat,Ahmedabad,ICMR,B.1.617.2
India/GJ-ICMR-NIV-INSACOG-GSEQ-3142/2021,EPI_ISL_1928546,2021-04-18,Asia,India,Gujarat,Ahmedabad,ICMR,B.1
India/GJ-ICMR-NIV-INSACOG-GSEQ-3137/2021,EPI_ISL_1928547,2021-04-18,Asia,India,Gujarat,Ahmedabad,ICMR,B.1.245
India/GJ-ICMR-NIV-INSACOG-GSEQ-3135/2021,EPI_ISL_1928549,2021-04-18,Asia,India,Gujarat,Ahmedabad,ICMR,B.1.617.2
India/GJ-ICMR-NIV-INSACOG-GSEQ-3124/2021,EPI_ISL_1928550,2021-04-18,Asia,India,Gujarat,Ahmedabad,ICMR,B.1.617.2
India/GJ-ICMR-NIV-INSACOG-GSEQ-3116/2021,EPI_ISL_1928552,2021-04-18,Asia,India,Gujarat,Ahmedabad,ICMR,B.1.617.2
India/GJ-ICMR-NIV-INSACOG-GSEQ-3099/2021,EPI_ISL_1928553,2021-04-18,Asia,India,Gujarat,Ahmedabad,ICMR,B.1.617.2
India/GJ-ICMR-NIV-INSACOG-GSEQ-3098/2021,EPI_ISL_1928555,2021-04-18,Asia,India,Gujarat,Ahmedabad,ICMR,B.1.617.2
India/GJ-ICMR-NIV-INSACOG-GSEQ-3096/2021,EPI_ISL_1928556,2021-04-18,Asia,India,Gujarat,Ahmedabad,ICMR,B.1
India/GJ-ICMR-NIV-INSACOG-GSEQ-3060/2021,EPI_ISL_1928558,2021-04-18,Asia,India,Gujarat,Ahmedabad,ICMR,B.1.617.2
India/GJ-ICMR-NIV-INSACOG-GSEQ-3057/2021,EPI_ISL_1928559,2021-04-18,Asia,India,Gujarat,Ahmedabad,ICMR,B.1.617.2
India/GJ-ICMR-NIV-INSACOG-GSEQ-3045/2021,EPI_ISL_1928561,2021-04-18,Asia,India,Gujarat,Ahmedabad,ICMR,B.1.245
India/GJ-ICMR-NIV-INSACOG-GSEQ-3042/2021,EPI_ISL_1928562,2021-04-18,Asia,India,Gujarat,Ahmedabad,ICMR,B.1.617.2
India/GJ-ICMR-NIV-INSACOG-GSEQ-3041/2021,EPI_ISL_1928563,2021-04-18,Asia,India,Gujarat,Ahmedabad,ICMR,B.1.617.1
India/GJ-ICMR-NIV-INSACOG-GSEQ-3034/2021,EPI_ISL_1928565,2021-04-18,Asia,India,Gujarat,Ahmedabad,ICMR,B.1.617.2
India/GJ-ICMR-NIV-INSACOG-GSEQ-3027/2021,EPI_ISL_1928566,2021-04-18,Asia,India,Gujarat,Ahmedabad,ICMR,B.1
India/GJ-ICMR-NIV-INSACOG-GSEQ-3023/2021,EPI_ISL_1928568,2021-04-18,Asia,India,Gujarat,Ahmedabad,ICMR,B.1.617.2
India/GJ-ICMR-NIV-INSACOG-GSEQ-3021/2021,EPI_ISL_1928569,2021-04-18,Asia,India,Gujarat,Ahmedabad,ICMR,B.1.617.2
India/GJ-ICMR-NIV-INSACOG-GSEQ-3020/2021,EPI_ISL_1928571,2021-04-18,Asia,India,Gujarat,Ahmedabad,ICMR,B.1.617.2
India/GJ-ICMR-NIV-INSACOG-GSEQ-3019/2021,EPI_ISL_1928572,2021-04-18,Asia,India,Gujarat,Ahmedabad,ICMR,B.1.617.2
India/GJ-ICMR-NIV-INSACOG-GSEQ-3016/2021,EPI_ISL_1928573,2021-04-18,Asia,India,Gujarat,Ahmedabad,ICMR,B.1.617.2
India/GJ-ICMR-NIV-INSACOG-GSEQ-3008/2021,EPI_ISL_1928575,2021-04-18,Asia,India,Gujarat,Ahmedabad,ICMR,B.1.617.2
India/GJ-ICMR-NIV-INSACOG-GSEQ-2999/2021,EPI_ISL_1928576,2021-04-18,Asia,India,Gujarat,Ahmedabad,ICMR,B.1
India/GJ-ICMR-NIV-INSACOG-GSEQ-2989/2021,EPI_ISL_1928578,2021-04-18,Asia,India,Gujarat,Ahmedabad,ICMR,B.1.617.2
India/GJ-ICMR-NIV-INSACOG-GSEQ-3132/2021,EPI_ISL_1928587,2021-04-19,Asia,India,Gujarat,Ahmedabad,ICMR,B.1.1.7
India/GJ-ICMR-NIV-INSACOG-GSEQ-3131/2021,EPI_ISL_1928588,2021-04-19,Asia,India,Gujarat,Ahmedabad,ICMR,B.1.617.2
India/GJ-ICMR-NIV-INSACOG-GSEQ-3112/2021,EPI_ISL_1928590,2021-04-19,Asia,India,Gujarat,Ahmedabad,ICMR,B.1.617.2
India/GJ-ICMR-NIV-INSACOG-GSEQ-3101/2021,EPI_ISL_1928592,2021-04-19,Asia,India,Gujarat,Ahmedabad,ICMR,B.1.617.2
India/GJ-ICMR-NIV-INSACOG-GSEQ-2973/2021,EPI_ISL_1928599,2021-04-20,Asia,India,Gujarat,Vadodara,ICMR,B.1.617.2
India/GJ-ICMR-NIV-INSACOG-GSEQ-2972/2021,EPI_ISL_1928601,2021-04-20,Asia,India,Gujarat,Vadodara,ICMR,B.1.617.2
India/GJ-ICMR-NIV-INSACOG-GSEQ-2970/2021,EPI_ISL_1928602,2021-04-20,Asia,India,Gujarat,Vadodara,ICMR,B.1.617.2
India/GJ-ICMR-NIV-INSACOG-GSEQ-2969/2021,EPI_ISL_1928603,2021-04-20,Asia,India,Gujarat,Vadodara,ICMR,B.1
India/GJ-ICMR-NIV-INSACOG-GSEQ-2966/2021,EPI_ISL_1928605,2021-04-20,Asia,India,Gujarat,Vadodara,ICMR,B.1.617.2
India/GJ-ICMR-NIV-INSACOG-GSEQ-2964/2021,EPI_ISL_1928607,2021-04-20,Asia,India,Gujarat,Vadodara,ICMR,B.1
India/GJ-ICMR-NIV-INSACOG-GSEQ-2986/2021,EPI_ISL_1928627,2021-04-22,Asia,India,Gujarat,Vadodara,ICMR,B.1.617.2
India/GJ-ICMR-NIV-INSACOG-GSEQ-2985/2021,EPI_ISL_1928629,2021-04-22,Asia,India,Gujarat,Vadodara,ICMR,B.1
India/GJ-ICMR-NIV-INSACOG-GSEQ-2983/2021,EPI_ISL_1928631,2021-04-22,Asia,India,Gujarat,Vadodara,ICMR,B.1.617.2
India/GJ-ICMR-NIV-INSACOG-GSEQ-2975/2021,EPI_ISL_1928632,2021-04-22,Asia,India,Gujarat,Vadodara,ICMR,B.1.617.2
India/GJ-ICMR-NIV-INSACOG-GSEQ-2980/2021,EPI_ISL_1928638,2021-04-23,Asia,India,Gujarat,Vadodara,ICMR,B.1.617.2
India/GJ-ICMR-NIV-INSACOG-GSEQ-2979/2021,EPI_ISL_1928639,2021-04-23,Asia,India,Gujarat,Vadodara,ICMR,B.1.617.2
India/GJ-ICMR-NIV-INSACOG-GSEQ-2976/2021,EPI_ISL_1928641,2021-04-23,Asia,India,Gujarat,Vadodara,ICMR,B.1.617.2
India/GJ-ICMR-NIV-INSAGOG-GSEQ-2987/2021,EPI_ISL_1970453,2021-04-18,Asia,India,Gujarat,,ICMR,B.1.617.2
India/GJ-ICMR-NIV-INSAGOG-GSEQ-2992/2021,EPI_ISL_1970454,2021-04-22,Asia,India,Gujarat,,ICMR,B.1.617.2
India/GJ-ICMR-NIV-INSAGOG-GSEQ-2994/2021,EPI_ISL_1970455,2021-04-17,Asia,India,Gujarat,,ICMR,B.1.617.2
India/GJ-ICMR-NIV-INSAGOG-GSEQ-3001/2021,EPI_ISL_1970456,2021-04-18,Asia,India,Gujarat,,ICMR,B.1.617.2
India/GJ-ICMR-NIV-INSAGOG-GSEQ-3003/2021,EPI_ISL_1970457,2021-04-23,Asia,India,Gujarat,,ICMR,B.1.617.2
India/GJ-ICMR-NIV-INSAGOG-GSEQ-3009/2021,EPI_ISL_1970458,2021-04-16,Asia,India,Gujarat,,ICMR,B.1.617.2
India/GJ-ICMR-NIV-INSAGOG-GSEQ-3014/2021,EPI_ISL_1970459,2021-04-24,Asia,India,Gujarat,,ICMR,B.1.617.2
India/GJ-ICMR-NIV-INSAGOG-GSEQ-3033/2021,EPI_ISL_1970460,2021-04-18,Asia,India,Gujarat,,ICMR,B.1.617.1
India/GJ-ICMR-NIV-INSAGOG-GSEQ-3037/2021,EPI_ISL_1970461,2021-04-18,Asia,India,Gujarat,,ICMR,B.1.617.2
India/GJ-ICMR-NIV-INSAGOG-GSEQ-3044/2021,EPI_ISL_1970462,2021-04-24,Asia,India,Gujarat,,ICMR,B.1.617.2
India/GJ-ICMR-NIV-INSAGOG-GSEQ-3047/2021,EPI_ISL_1970463,2021-04-18,Asia,India,Gujarat,,ICMR,B.1.617.2
India/GJ-ICMR-NIV-INSAGOG-GSEQ-3053/2021,EPI_ISL_1970464,2021-04-18,Asia,India,Gujarat,,ICMR,B.1.617.2
India/GJ-ICMR-NIV-INSAGOG-GSEQ-3058/2021,EPI_ISL_1970465,2021-04-18,Asia,India,Gujarat,,ICMR,B.1.617.2
India/GJ-ICMR-NIV-INSAGOG-GSEQ-3063/2021,EPI_ISL_1970466,2021-04-18,Asia,India,Gujarat,,ICMR,B.1.617.2
India/GJ-ICMR-NIV-INSAGOG-GSEQ-3064/2021,EPI_ISL_1970467,2021-04-18,Asia,India,Gujarat,,ICMR,B.1.617.2
India/GJ-ICMR-NIV-INSAGOG-GSEQ-3066/2021,EPI_ISL_1970468,2021-04-18,Asia,India,Gujarat,,ICMR,B.1.617.2
India/GJ-ICMR-NIV-INSAGOG-GSEQ-3067/2021,EPI_ISL_1970469,2021-04-24,Asia,India,Gujarat,,ICMR,B.1
India/GJ-ICMR-NIV-INSAGOG-GSEQ-3068/2021,EPI_ISL_1970470,2021-04-18,Asia,India,Gujarat,,ICMR,B.1.617.2
India/GJ-ICMR-NIV-INSAGOG-GSEQ-3069/2021,EPI_ISL_1970471,2021-04-18,Asia,India,Gujarat,,ICMR,B.1.617.2
India/GJ-ICMR-NIV-INSAGOG-GSEQ-3070/2021,EPI_ISL_1970472,2021-04-18,Asia,India,Gujarat,,ICMR,B.1.617.2
India/GJ-ICMR-NIV-INSAGOG-GSEQ-3071/2021,EPI_ISL_1970473,2021-04-18,Asia,India,Gujarat,,ICMR,B.1.617.2
India/GJ-ICMR-NIV-INSAGOG-GSEQ-3073/2021,EPI_ISL_1970474,2021-04-18,Asia,India,Gujarat,,ICMR,B.1.617.2
India/GJ-ICMR-NIV-INSAGOG-GSEQ-3075/2021,EPI_ISL_1970475,2021-04-18,Asia,India,Gujarat,,ICMR,B.1.617.2
India/GJ-ICMR-NIV-INSAGOG-GSEQ-3077/2021,EPI_ISL_1970476,2021-04-18,Asia,India,Gujarat,,ICMR,B.1.617.2
India/GJ-ICMR-NIV-INSAGOG-GSEQ-3078/2021,EPI_ISL_1970477,2021-04-18,Asia,India,Gujarat,,ICMR,B.1.617.2
India/GJ-ICMR-NIV-INSAGOG-GSEQ-3079/2021,EPI_ISL_1970478,2021-04-18,Asia,India,Gujarat,,ICMR,B.1.617.2
India/GJ-ICMR-NIV-INSAGOG-GSEQ-3080/2021,EPI_ISL_1970479,2021-04-18,Asia,India,Gujarat,,ICMR,B.1.617.2
India/GJ-ICMR-NIV-INSAGOG-GSEQ-3081/2021,EPI_ISL_1970480,2021-04-18,Asia,India,Gujarat,,ICMR,B.1.617.2
India/GJ-ICMR-NIV-INSAGOG-GSEQ-3085/2021,EPI_ISL_1970481,2021-04-18,Asia,India,Gujarat,,ICMR,B.1.617.2
India/GJ-ICMR-NIV-INSAGOG-GSEQ-3087/2021,EPI_ISL_1970482,2021-04-18,Asia,India,Gujarat,,ICMR,B.1.617.2
India/GJ-ICMR-NIV-INSAGOG-GSEQ-3088/2021,EPI_ISL_1970483,2021-04-18,Asia,India,Gujarat,,ICMR,B.1
India/GJ-ICMR-NIV-INSAGOG-GSEQ-3089/2021,EPI_ISL_1970484,2021-04-17,Asia,India,Gujarat,,ICMR,B.1.617.2
India/GJ-ICMR-NIV-INSAGOG-GSEQ-3091/2021,EPI_ISL_1970485,2021-04-24,Asia,India,Gujarat,,ICMR,B.1
India/GJ-ICMR-NIV-INSAGOG-GSEQ-3092/2021,EPI_ISL_1970486,2021-04-17,Asia,India,Gujarat,,ICMR,B.1.617.2
India/GJ-ICMR-NIV-INSAGOG-GSEQ-3093/2021,EPI_ISL_1970487,2021-04-18,Asia,India,Gujarat,,ICMR,B.1.617.1
India/GJ-ICMR-NIV-INSAGOG-GSEQ-3100/2021,EPI_ISL_1970488,2021-04-18,Asia,India,Gujarat,,ICMR,B.1.617.2
India/GJ-ICMR-NIV-INSAGOG-GSEQ-3102/2021,EPI_ISL_1970489,2021-04-18,Asia,India,Gujarat,,ICMR,B.1.617.2
India/GJ-ICMR-NIV-INSAGOG-GSEQ-3103/2021,EPI_ISL_1970490,2021-04-18,Asia,India,Gujarat,,ICMR,B.1.617.1
India/GJ-ICMR-NIV-INSAGOG-GSEQ-3104/2021,EPI_ISL_1970491,2021-04-19,Asia,India,Gujarat,,ICMR,B.1.617.2
India/GJ-ICMR-NIV-INSAGOG-GSEQ-3106/2021,EPI_ISL_1970492,2021-04-18,Asia,India,Gujarat,,ICMR,B.1.617.2
India/GJ-ICMR-NIV-INSAGOG-GSEQ-3107/2021,EPI_ISL_1970493,2021-04-17,Asia,India,Gujarat,,ICMR,B.1.617.2
India/GJ-ICMR-NIV-INSAGOG-GSEQ-3108/2021,EPI_ISL_1970494,2021-04-18,Asia,India,Gujarat,,ICMR,B.1.617.2
India/GJ-ICMR-NIV-INSAGOG-GSEQ-3109/2021,EPI_ISL_1970495,2021-04-19,Asia,India,Gujarat,,ICMR,B.1.617.2
India/GJ-ICMR-NIV-INSAGOG-GSEQ-3111/2021,EPI_ISL_1970496,2021-04-17,Asia,India,Gujarat,,ICMR,B.1.617.2
India/GJ-ICMR-NIV-INSAGOG-GSEQ-3115/2021,EPI_ISL_1970497,2021-04-18,Asia,India,Gujarat,,ICMR,B.1.617.2
India/GJ-ICMR-NIV-INSAGOG-GSEQ-3117/2021,EPI_ISL_1970498,2021-04-23,Asia,India,Gujarat,,ICMR,B.1.617.3
India/GJ-ICMR-NIV-INSAGOG-GSEQ-3118/2021,EPI_ISL_1970499,2021-04-18,Asia,India,Gujarat,,ICMR,B.1.617.2
India/GJ-ICMR-NIV-INSAGOG-GSEQ-3121/2021,EPI_ISL_1970500,2021-04-21,Asia,India,Gujarat,,ICMR,B.1.617.2
India/GJ-ICMR-NIV-INSAGOG-GSEQ-3126/2021,EPI_ISL_1970501,2021-04-18,Asia,India,Gujarat,,ICMR,B.1.617.2
India/GJ-ICMR-NIV-INSAGOG-GSEQ-3127/2021,EPI_ISL_1970502,2021-04-18,Asia,India,Gujarat,,ICMR,B.1.617.2
India/GJ-ICMR-NIV-INSAGOG-GSEQ-3130/2021,EPI_ISL_1970503,2021-04-18,Asia,India,Gujarat,,ICMR,B.1.617.2
India/GJ-ICMR-NIV-INSAGOG-GSEQ-3133/2021,EPI_ISL_1970504,2021-04-19,Asia,India,Gujarat,,ICMR,B.1.617.2
India/GJ-ICMR-NIV-INSAGOG-GSEQ-3134/2021,EPI_ISL_1970505,2021-04-18,Asia,India,Gujarat,,ICMR,B.1.617.2
India/GJ-ICMR-NIV-INSAGOG-GSEQ-3136/2021,EPI_ISL_1970506,2021-04-19,Asia,India,Gujarat,,ICMR,B.1.617.2
India/GJ-ICMR-NIV-INSAGOG-GSEQ-3140/2021,EPI_ISL_1970507,2021-04-18,Asia,India,Gujarat,,ICMR,B.1
India/GJ-ICMR-NIV-INSAGOG-GSEQ-3205/2021,EPI_ISL_1970508,2021-04-24,Asia,India,Gujarat,,ICMR,B.1.617.2
India/GJ-ICMR-NIV-INSAGOG-GSEQ-3207/2021,EPI_ISL_1970509,2021-04-24,Asia,India,Gujarat,,ICMR,B.1.617.2
India/GJ-ICMR-NIV-INSAGOG-GSEQ-3209/2021,EPI_ISL_1970510,2021-04-24,Asia,India,Gujarat,,ICMR,B.1.617.2
India/GJ-ICMR-NIV-INSAGOG-GSEQ-3210/2021,EPI_ISL_1970511,2021-04-25,Asia,India,Gujarat,,ICMR,B.1.617.2
India/GJ-ICMR-NIV-INSAGOG-GSEQ-3212/2021,EPI_ISL_1970512,2021-04-25,Asia,India,Gujarat,,ICMR,B.1.617.2
India/GJ-GBRC564a/2021,EPI_ISL_2001121,2021-03-12,Asia,India,Gujarat,Gandhinagar,GBRC,B.1.617.1
India/GJ-GBRC564b/2021,EPI_ISL_2001122,2021-03-12,Asia,India,Gujarat,Gandhinagar,GBRC,B.1.153
India/GJ-GBRC565/2021,EPI_ISL_2001123,2021-03-12,Asia,India,Gujarat,Gandhinagar,GBRC,B.1.617.1
India/GJ-GBRC566/2021,EPI_ISL_2001124,2021-03-16,Asia,India,Gujarat,Gandhinagar,GBRC,B.1.617.1
India/GJ-GBRC567a/2021,EPI_ISL_2001125,2021-03-17,Asia,India,Gujarat,Gandhinagar,GBRC,B.1.617.1
India/GJ-GBRC567b/2021,EPI_ISL_2001126,2021-03-17,Asia,India,Gujarat,Gandhinagar,GBRC,B.1.153
India/GJ-GBRC568a/2021,EPI_ISL_2001127,2021-03-20,Asia,India,Gujarat,Gandhinagar,GBRC,B.1.1.7
India/GJ-GBRC568b/2021,EPI_ISL_2001128,2021-03-20,Asia,India,Gujarat,Gandhinagar,GBRC,B.1.1.7
India/GJ-GBRC569/2021,EPI_ISL_2001129,2021-03-20,Asia,India,Gujarat,Gandhinagar,GBRC,B.1.1.7
India/GJ-GBRC570a/2021,EPI_ISL_2001130,2021-03-21,Asia,India,Gujarat,Gandhinagar,GBRC,B.1.617.1
India/GJ-GBRC570b/2021,EPI_ISL_2001131,2021-03-21,Asia,India,Gujarat,Gandhinagar,GBRC,B.1.153
India/GJ-GBRC571/2021,EPI_ISL_2001132,2021-03-21,Asia,India,Gujarat,Gandhinagar,GBRC,B.1.1.7
India/GJ-GBRC572a/2021,EPI_ISL_2001133,2021-03-21,Asia,India,Gujarat,Gandhinagar,GBRC,B.1.1.7
India/GJ-GBRC572b/2021,EPI_ISL_2001134,2021-03-21,Asia,India,Gujarat,Gandhinagar,GBRC,B.1.1.7
India/GJ-GBRC573a/2021,EPI_ISL_2001135,2021-03-22,Asia,India,Gujarat,Gandhinagar,GBRC,B.1
India/GJ-GBRC573b/2021,EPI_ISL_2001136,2021-03-22,Asia,India,Gujarat,Gandhinagar,GBRC,B.1
India/GJ-GBRC574a/2021,EPI_ISL_2001137,2021-03-22,Asia,India,Gujarat,Gandhinagar,GBRC,B.1.617.1
India/GJ-GBRC574b/2021,EPI_ISL_2001138,2021-03-22,Asia,India,Gujarat,Gandhinagar,GBRC,B.1.153
India/GJ-GBRC575a/2021,EPI_ISL_2001139,2021-03-22,Asia,India,Gujarat,Gandhinagar,GBRC,B.1.617.2
India/GJ-GBRC575b/2021,EPI_ISL_2001140,2021-03-22,Asia,India,Gujarat,Gandhinagar,GBRC,B.1.153
India/GJ-GBRC576a/2021,EPI_ISL_2001141,2021-03-22,Asia,India,Gujarat,Gandhinagar,GBRC,B.1.351
India/GJ-GBRC576b/2021,EPI_ISL_2001142,2021-03-22,Asia,India,Gujarat,Gandhinagar,GBRC,B.1.351
India/GJ-GBRC577a/2021,EPI_ISL_2001143,2021-03-22,Asia,India,Gujarat,Gandhinagar,GBRC,B.1.617.2
India/GJ-GBRC577b/2021,EPI_ISL_2001144,2021-03-22,Asia,India,Gujarat,Gandhinagar,GBRC,B.1.617.2
India/GJ-GBRC579a/2021,EPI_ISL_2001145,2021-03-22,Asia,India,Gujarat,Gandhinagar,GBRC,B.1.1.7
India/GJ-GBRC579b/2021,EPI_ISL_2001146,2021-03-22,Asia,India,Gujarat,Gandhinagar,GBRC,B.1.1.7
India/GJ-GBRC580a/2021,EPI_ISL_2001147,2021-03-22,Asia,India,Gujarat,Gandhinagar,GBRC,B.1.1.7
India/GJ-GBRC580b/2021,EPI_ISL_2001148,2021-03-22,Asia,India,Gujarat,Gandhinagar,GBRC,B.1.1.7
India/GJ-GBRC621a/2021,EPI_ISL_2001178,2021-03-27,Asia,India,Gujarat,Vadodara,GBRC,B.1.1.7
India/GJ-GBRC621b/2021,EPI_ISL_2001179,2021-03-27,Asia,India,Gujarat,Vadodara,GBRC,B.1.1.7
India/GJ-GBRC622/2021,EPI_ISL_2001180,2021-03-30,Asia,India,Gujarat,Vadodara,GBRC,B.1.618
India/GJ-GBRC623a/2021,EPI_ISL_2001181,2021-04-01,Asia,India,Gujarat,Vadodara,GBRC,N.9
India/GJ-GBRC623b/2021,EPI_ISL_2001182,2021-04-01,Asia,India,Gujarat,Vadodara,GBRC,B.1.1
India/GJ-GBRC624a/2021,EPI_ISL_2001183,2021-04-02,Asia,India,Gujarat,Vadodara,GBRC,B.1.36.8
India/GJ-GBRC624b/2021,EPI_ISL_2001184,2021-04-02,Asia,India,Gujarat,Vadodara,GBRC,B.1
India/GJ-GBRC625a/2021,EPI_ISL_2001185,2021-04-02,Asia,India,Gujarat,Vadodara,GBRC,B.1.617.2
India/GJ-GBRC625b/2021,EPI_ISL_2001186,2021-04-02,Asia,India,Gujarat,Vadodara,GBRC,B.1.153
India/GJ-GBRC626a/2021,EPI_ISL_2001187,2021-03-30,Asia,India,Gujarat,Navsari,GBRC,B.1.617.2
India/GJ-GBRC626b/2021,EPI_ISL_2001188,2021-03-30,Asia,India,Gujarat,Navsari,GBRC,B.1.153
India/GJ-GBRC627a/2021,EPI_ISL_2001189,2021-03-30,Asia,India,Gujarat,Tapi,GBRC,B.1.617.2
India/GJ-GBRC627b/2021,EPI_ISL_2001190,2021-03-30,Asia,India,Gujarat,Tapi,GBRC,B.1.153
India/GJ-GBRC628a/2021,EPI_ISL_2001191,2021-03-31,Asia,India,Gujarat,Surat,GBRC,B.1.617.2
India/GJ-GBRC628b/2021,EPI_ISL_2001192,2021-03-31,Asia,India,Gujarat,Surat,GBRC,B.1.153
India/GJ-GBRC629a/2021,EPI_ISL_2001193,2021-03-31,Asia,India,Gujarat,Surat,GBRC,B.1.617.2
India/GJ-GBRC629b/2021,EPI_ISL_2001194,2021-03-31,Asia,India,Gujarat,Surat,GBRC,B.1.153
India/GJ-GBRC630a/2021,EPI_ISL_2001195,2021-04-01,Asia,India,Gujarat,Tapi,GBRC,B.1.617.2
India/GJ-GBRC630b/2021,EPI_ISL_2001196,2021-04-01,Asia,India,Gujarat,Tapi,GBRC,B.1.153
India/GJ-GBRC631a/2021,EPI_ISL_2001197,2021-04-01,Asia,India,Gujarat,Surat,GBRC,B.1.617.1
India/GJ-GBRC631b/2021,EPI_ISL_2001198,2021-04-01,Asia,India,Gujarat,Surat,GBRC,B.1.153
India/GJ-GBRC632a/2021,EPI_ISL_2001199,2021-04-01,Asia,India,Gujarat,Surat,GBRC,B.1.1.7
India/GJ-GBRC632b/2021,EPI_ISL_2001200,2021-04-01,Asia,India,Gujarat,Surat,GBRC,B.1.1.7
India/GJ-GBRC633a/2021,EPI_ISL_2001201,2021-04-03,Asia,India,Gujarat,Tapi,GBRC,B.1.617.2
India/GJ-GBRC633b/2021,EPI_ISL_2001202,2021-04-03,Asia,India,Gujarat,Tapi,GBRC,B.1.153
India/GJ-GBRC634a/2021,EPI_ISL_2001203,2021-04-03,Asia,India,Gujarat,Tapi,GBRC,B.1.36.8
India/GJ-GBRC634b/2021,EPI_ISL_2001204,2021-04-03,Asia,India,Gujarat,Tapi,GBRC,B.1.153
India/GJ-GBRC635a/2021,EPI_ISL_2001205,2021-04-04,Asia,India,Gujarat,Surat,GBRC,B.1.617.1
India/GJ-GBRC635b/2021,EPI_ISL_2001206,2021-04-04,Asia,India,Gujarat,Surat,GBRC,B.1.153
India/GJ-GBRC636a/2021,EPI_ISL_2001207,2021-03-27,Asia,India,Gujarat,Surat,GBRC,B.1.617.1
India/GJ-GBRC636b/2021,EPI_ISL_2001208,2021-03-27,Asia,India,Gujarat,Surat,GBRC,B.1.153
India/GJ-GBRC637a/2021,EPI_ISL_2001209,2021-03-27,Asia,India,Gujarat,Surat,GBRC,B.1.1.7
India/GJ-GBRC637b/2021,EPI_ISL_2001210,2021-03-27,Asia,India,Gujarat,Surat,GBRC,B.1.1.7
India/GJ-GBRC638a/2021,EPI_ISL_2001211,2021-03-27,Asia,India,Gujarat,Surat,GBRC,B.1.617.2
India/GJ-GBRC638b/2021,EPI_ISL_2001212,2021-03-27,Asia,India,Gujarat,Surat,GBRC,B.1.153
India/GJ-GBRC641/2021,EPI_ISL_2017728,2021-03-28,Asia,India,Gujarat,Surat,GBRC,B.1.617.2
India/GJ-GBRC642a/2021,EPI_ISL_2017729,2021-03-28,Asia,India,Gujarat,Surat,GBRC,B.1.36
India/GJ-GBRC642b/2021,EPI_ISL_2017730,2021-03-28,Asia,India,Gujarat,Surat,GBRC,B.1.36
India/GJ-GBRC643/2021,EPI_ISL_2017731,2021-03-28,Asia,India,Gujarat,Surat,GBRC,B.1.617.2
India/GJ-GBRC644a/2021,EPI_ISL_2017732,2021-03-29,Asia,India,Gujarat,Surat,GBRC,B.1.617.1
India/GJ-GBRC644b/2021,EPI_ISL_2017733,2021-03-29,Asia,India,Gujarat,Surat,GBRC,B.1.617.1
India/GJ-GBRC645a/2021,EPI_ISL_2017734,2021-03-29,Asia,India,Gujarat,Surat,GBRC,B.1.617.2
India/GJ-GBRC645b/2021,EPI_ISL_2017735,2021-03-29,Asia,India,Gujarat,Surat,GBRC,B.1.617.2
India/GJ-GBRC646/2021,EPI_ISL_2017736,2021-03-30,Asia,India,Gujarat,Surat,GBRC,B.1.1.7
India/GJ-GBRC647a/2021,EPI_ISL_2017737,2021-03-30,Asia,India,Gujarat,Surat,GBRC,B.1.153
India/GJ-GBRC647b/2021,EPI_ISL_2017738,2021-03-30,Asia,India,Gujarat,Surat,GBRC,B.1.153
India/GJ-GBRC648/2021,EPI_ISL_2017739,2021-03-31,Asia,India,Gujarat,Surat,GBRC,B.1.617.1
India/GJ-GBRC649a/2021,EPI_ISL_2017740,2021-04-01,Asia,India,Gujarat,Surat,GBRC,B.1.617.2
India/GJ-GBRC649b/2021,EPI_ISL_2017741,2021-04-01,Asia,India,Gujarat,Surat,GBRC,B.1.36.8
India/GJ-GBRC650a/2021,EPI_ISL_2017742,2021-04-02,Asia,India,Gujarat,Surat,GBRC,B.1.36
India/GJ-GBRC650b/2021,EPI_ISL_2017743,2021-04-02,Asia,India,Gujarat,Surat,GBRC,B.1.36.10
India/GJ-GBRC651a/2021,EPI_ISL_2017744,2021-04-03,Asia,India,Gujarat,Bharuch,GBRC,B.1.36.8
India/GJ-GBRC651b/2021,EPI_ISL_2017745,2021-04-03,Asia,India,Gujarat,Bharuch,GBRC,B.1.36.8
India/GJ-GBRC652a/2021,EPI_ISL_2017746,2021-04-02,Asia,India,Gujarat,Surat,GBRC,B.1.36
India/GJ-GBRC652b/2021,EPI_ISL_2017747,2021-04-02,Asia,India,Gujarat,Surat,GBRC,B.1.36
India/GJ-GBRC653a/2021,EPI_ISL_2017748,2021-03-31,Asia,India,Gujarat,Surat,GBRC,B.1.36.8
India/GJ-GBRC653b/2021,EPI_ISL_2017749,2021-03-31,Asia,India,Gujarat,Surat,GBRC,B.1
India/GJ-GBRC654a/2021,EPI_ISL_2017750,2021-04-03,Asia,India,Gujarat,Surat,GBRC,B.1.617.1
India/GJ-GBRC654b/2021,EPI_ISL_2017751,2021-04-03,Asia,India,Gujarat,Surat,GBRC,B.1
India/GJ-GBRC655a/2021,EPI_ISL_2017752,2021-04-02,Asia,India,Gujarat,Vadodara,GBRC,B.1.1
India/GJ-GBRC655b/2021,EPI_ISL_2017753,2021-04-02,Asia,India,Gujarat,Vadodara,GBRC,B.1.1
India/GJ-GBRC656a/2021,EPI_ISL_2017754,2021-04-06,Asia,India,Gujarat,Vadodara,GBRC,B.1.617.1
India/GJ-GBRC656b/2021,EPI_ISL_2017755,2021-04-06,Asia,India,Gujarat,Vadodara,GBRC,B.1.617.1
India/GJ-GBRC657/2021,EPI_ISL_2017756,2021-04-06,Asia,India,Gujarat,Vadodara,GBRC,B.1.36
India/GJ-GBRC658a/2021,EPI_ISL_2017757,2021-04-07,Asia,India,Gujarat,Vadodara,GBRC,B.1.617.2
India/GJ-GBRC658b/2021,EPI_ISL_2017758,2021-04-07,Asia,India,Gujarat,Vadodara,GBRC,B.1.1
India/GJ-GBRC659a/2021,EPI_ISL_2017759,2021-04-13,Asia,India,Gujarat,Ahmedabad,GBRC,B.1.1
India/GJ-GBRC659b/2021,EPI_ISL_2017760,2021-04-13,Asia,India,Gujarat,Ahmedabad,GBRC,B.1.1
India/GJ-GBRC660a/2021,EPI_ISL_2017761,2021-04-14,Asia,India,Gujarat,Ahmedabad,GBRC,B.1.617.2
India/GJ-GBRC660b/2021,EPI_ISL_2017762,2021-04-14,Asia,India,Gujarat,Ahmedabad,GBRC,B.1.617.2
India/GJ-GBRC661a/2021,EPI_ISL_2017763,2021-04-02,Asia,India,Gujarat,Surat,GBRC,B.1.617.2
India/GJ-GBRC661b/2021,EPI_ISL_2017764,2021-04-02,Asia,India,Gujarat,Surat,GBRC,B.1.617.2
India/GJ-GBRC662/2021,EPI_ISL_2017765,2021-04-19,Asia,India,Gujarat,Ahmedabad,GBRC,B.1.617.2
India/GJ-GBRC663/2021,EPI_ISL_2017766,2021-04-20,Asia,India,Gujarat,Ahmedabad,GBRC,B.1.617.2
India/GJ-GBRC664/2021,EPI_ISL_2017767,2021-04-19,Asia,India,Gujarat,Ahmedabad,GBRC,B.1.617.2
India/GJ-GBRC665/2021,EPI_ISL_2017768,2021-04-20,Asia,India,Gujarat,Ahmedabad,GBRC,B.1.617.2
India/GJ-GBRC666a/2021,EPI_ISL_2017769,2021-04-20,Asia,India,Gujarat,Ahmedabad,GBRC,B.1.617.2
India/GJ-GBRC666b/2021,EPI_ISL_2017770,2021-04-20,Asia,India,Gujarat,Ahmedabad,GBRC,B.1.617.2
India/GJ-GBRC667/2021,EPI_ISL_2017771,2021-04-20,Asia,India,Gujarat,Ahmedabad,GBRC,B.1.617.2
India/GJ-GBRC668/2021,EPI_ISL_2017772,2021-04-20,Asia,India,Gujarat,Ahmedabad,GBRC,B.1.617.2
India/GJ-GBRC669/2021,EPI_ISL_2017773,2021-04-18,Asia,India,Gujarat,Ahmedabad,GBRC,B.1.153
India/GJ-GBRC670/2021,EPI_ISL_2017774,2021-04-20,Asia,India,Gujarat,Ahmedabad,GBRC,B.1.617.2
India/GJ-GBRC671/2021,EPI_ISL_2017775,2021-04-21,Asia,India,Gujarat,Ahmedabad,GBRC,B.1.617.2
India/GJ-GBRC672a/2021,EPI_ISL_2017776,2021-04-18,Asia,India,Gujarat,Ahmedabad,GBRC,B.1.617.2
India/GJ-GBRC672b/2021,EPI_ISL_2017777,2021-04-18,Asia,India,Gujarat,Ahmedabad,GBRC,B.1.617.2
India/GJ-GBRC673/2021,EPI_ISL_2017778,2021-04-19,Asia,India,Gujarat,Ahmedabad,GBRC,B.1.617.2
India/GJ-GBRC674a/2021,EPI_ISL_2017779,2021-04-21,Asia,India,Gujarat,Ahmedabad,GBRC,B.1.617.2
India/GJ-GBRC674b/2021,EPI_ISL_2017780,2021-04-21,Asia,India,Gujarat,Ahmedabad,GBRC,B.1.617.2
India/GJ-GBRC675a/2021,EPI_ISL_2017781,2021-04-21,Asia,India,Gujarat,Ahmedabad,GBRC,B.1.617.2
India/GJ-GBRC675b/2021,EPI_ISL_2017782,2021-04-21,Asia,India,Gujarat,Ahmedabad,GBRC,B.1
India/GJ-GBRC677/2021,EPI_ISL_2017783,2021-04-22,Asia,India,Gujarat,Ahmedabad,GBRC,B.1.617.2
India/GJ-GBRC678a/2021,EPI_ISL_2017784,2021-04-22,Asia,India,Gujarat,Ahmedabad,GBRC,B.1.617.2
India/GJ-GBRC678b/2021,EPI_ISL_2017785,2021-04-22,Asia,India,Gujarat,Ahmedabad,GBRC,B.1.617.2
India/GJ-GBRC679a/2021,EPI_ISL_2017786,2021-04-22,Asia,India,Gujarat,Ahmedabad,GBRC,B.1.617.2
India/GJ-GBRC679b/2021,EPI_ISL_2017787,2021-04-22,Asia,India,Gujarat,Ahmedabad,GBRC,B.1.617.2
India/GJ-GBRC680/2021,EPI_ISL_2017788,2021-04-23,Asia,India,Gujarat,Ahmedabad,GBRC,B.1.617.2
India/GJ-GBRC681/2021,EPI_ISL_2017789,2021-04-23,Asia,India,Gujarat,Ahmedabad,GBRC,B.1.617.2
India/GJ-GBRC601a/2021,EPI_ISL_2020930,2021-04-10,Asia,India,Gujarat,Gandhinagar,GBRC,B.1.617.2
India/GJ-GBRC601b/2021,EPI_ISL_2020931,2021-04-10,Asia,India,Gujarat,Gandhinagar,GBRC,B.1.617.2
India/GJ-GBRC602/2021,EPI_ISL_2020932,2021-04-10,Asia,India,Gujarat,Gandhinagar,GBRC,B.1.617.2
India/GJ-GBRC603/2021,EPI_ISL_2020933,2021-04-10,Asia,India,Gujarat,Gandhinagar,GBRC,B.1.617.2
India/GJ-GBRC604/2021,EPI_ISL_2020934,2021-04-10,Asia,India,Gujarat,Gandhinagar,GBRC,B.1.617.2
India/GJ-GBRC605a/2021,EPI_ISL_2020935,2021-04-10,Asia,India,Gujarat,Gandhinagar,GBRC,B.1.617.2
India/GJ-GBRC605b/2021,EPI_ISL_2020936,2021-04-10,Asia,India,Gujarat,Gandhinagar,GBRC,B.1.617.2
India/GJ-GBRC606a/2021,EPI_ISL_2020937,2021-04-10,Asia,India,Gujarat,Gandhinagar,GBRC,B.1.617.2
India/GJ-GBRC606b/2021,EPI_ISL_2020938,2021-04-10,Asia,India,Gujarat,Gandhinagar,GBRC,B.1.153
India/GJ-GBRC607a/2021,EPI_ISL_2020939,2021-04-10,Asia,India,Gujarat,Gandhinagar,GBRC,B.1.617.2
India/GJ-GBRC607b/2021,EPI_ISL_2020940,2021-04-10,Asia,India,Gujarat,Gandhinagar,GBRC,B.1.617.2
India/GJ-GBRC608/2021,EPI_ISL_2020941,2021-04-10,Asia,India,Gujarat,Gandhinagar,GBRC,B.1.617.2
India/GJ-GBRC609/2021,EPI_ISL_2020942,2021-04-10,Asia,India,Gujarat,Gandhinagar,GBRC,B.1.617.2
India/GJ-GBRC610/2021,EPI_ISL_2020943,2021-04-10,Asia,India,Gujarat,Gandhinagar,GBRC,B.1.617.2
India/GJ-GBRC611/2021,EPI_ISL_2020944,2021-04-10,Asia,India,Gujarat,Gandhinagar,GBRC,B.1.617.2
India/GJ-GBRC612a/2021,EPI_ISL_2020945,2021-04-10,Asia,India,Gujarat,Gandhinagar,GBRC,B.1.617.2
India/GJ-GBRC612b/2021,EPI_ISL_2020946,2021-04-10,Asia,India,Gujarat,Gandhinagar,GBRC,B.1.617.2
India/GJ-GBRC613/2021,EPI_ISL_2020947,2021-04-10,Asia,India,Gujarat,Gandhinagar,GBRC,B.1.617.2
India/GJ-GBRC614a/2021,EPI_ISL_2020948,2021-04-10,Asia,India,Gujarat,Gandhinagar,GBRC,B.1.617.2
India/GJ-GBRC614b/2021,EPI_ISL_2020949,2021-04-10,Asia,India,Gujarat,Gandhinagar,GBRC,B.1.153
India/GJ-GBRC615/2021,EPI_ISL_2020950,2021-04-10,Asia,India,Gujarat,Gandhinagar,GBRC,B.1.617.2
India/GJ-GBRC616/2021,EPI_ISL_2020951,2021-04-10,Asia,India,Gujarat,Gandhinagar,GBRC,B.1.617.2
India/GJ-GBRC617/2021,EPI_ISL_2020952,2021-04-10,Asia,India,Gujarat,Gandhinagar,GBRC,B.1.617.2
India/GJ-GBRC618/2021,EPI_ISL_2020953,2021-04-10,Asia,India,Gujarat,Gandhinagar,GBRC,B.1.617.2
India/GJ-GBRC619/2021,EPI_ISL_2020954,2021-04-10,Asia,India,Gujarat,Gandhinagar,GBRC,B.1.617.2
India/GJ-GBRC620a/2021,EPI_ISL_2020955,2021-04-10,Asia,India,Gujarat,Gandhinagar,GBRC,B.1.617.2
India/GJ-GBRC620b/2021,EPI_ISL_2020956,2021-04-10,Asia,India,Gujarat,Gandhinagar,GBRC,B.1.153
India/GJ-GBRC639a/2021,EPI_ISL_2020957,2021-04-10,Asia,India,Gujarat,Gandhinagar,GBRC,B.1.617.2
India/GJ-GBRC639b/2021,EPI_ISL_2020958,2021-04-10,Asia,India,Gujarat,Gandhinagar,GBRC,B.1.153
India/GJ-GBRC640a/2021,EPI_ISL_2020959,2021-04-11,Asia,India,Gujarat,Gandhinagar,GBRC,B.1.617.2
India/GJ-GBRC640b/2021,EPI_ISL_2020960,2021-04-11,Asia,India,Gujarat,Gandhinagar,GBRC,B.1.153
India/GJ-ICMR-NIV-INSACOG-GSEQ-3128/2021,EPI_ISL_2131535,2021-04-17,Asia,India,Gujarat,,ICMR,B.1.617.1
India/GJ-ICMR-NIV-INSACOG-GSEQ-3147/2021,EPI_ISL_2131536,2021-03-26,Asia,India,Gujarat,,ICMR,B.1.1.7
India/GJ-ICMR-NIV-INSACOG-GSEQ-3149/2021,EPI_ISL_2131537,2021-04-13,Asia,India,Gujarat,,ICMR,B.1.1.7
India/GJ-ICMR-NIV-INSACOG-GSEQ-3150/2021,EPI_ISL_2131538,2021-04-11,Asia,India,Gujarat,,ICMR,B.1.617.2
India/GJ-ICMR-NIV-INSACOG-GSEQ-3151/2021,EPI_ISL_2131539,2021-04-19,Asia,India,Gujarat,,ICMR,B.1.617.3
India/GJ-ICMR-NIV-INSACOG-GSEQ-3152/2021,EPI_ISL_2131540,2021-04-19,Asia,India,Gujarat,,ICMR,B.1.617.2
India/GJ-ICMR-NIV-INSACOG-GSEQ-3153/2021,EPI_ISL_2131541,2021-04-18,Asia,India,Gujarat,,ICMR,B.1.617.2
India/GJ-ICMR-NIV-INSACOG-GSEQ-3154/2021,EPI_ISL_2131542,2021-04-18,Asia,India,Gujarat,,ICMR,B.1.617.2
India/GJ-ICMR-NIV-INSACOG-GSEQ-3155/2021,EPI_ISL_2131543,2021-04-17,Asia,India,Gujarat,,ICMR,B.1.617.2
India/GJ-ICMR-NIV-INSACOG-GSEQ-3156/2021,EPI_ISL_2131544,2021-04-18,Asia,India,Gujarat,,ICMR,B.1.617.2
India/GJ-ICMR-NIV-INSACOG-GSEQ-3157/2021,EPI_ISL_2131545,2021-04-10,Asia,India,Gujarat,,ICMR,B.1.1.7
India/GJ-ICMR-NIV-INSACOG-GSEQ-3158/2021,EPI_ISL_2131546,2021-04-18,Asia,India,Gujarat,,ICMR,B.1.617.2